sequential_site,reference_site,wildtype,mutant,effect,times_seen
519,500,F,S,-7.7711,1
17,-3,A,V,-7.7633,17
305,286,G,V,-7.5870,8
83,64,C,F,-7.5792,12
87,68,D,N,-7.4361,1
324,305,C,G,-7.1005,3
199,180,W,R,-7.0897,1
35,16,G,C,-6.9403,1
17,-3,A,E,-6.8149,4
89,70,L,P,-6.7889,9
284,265,S,I,-6.7242,9
277,258,F,S,-6.6795,10
503,484,E,*,-6.6591,4
196,177,L,F,-6.6017,1
366,347,V,G,-6.5656,1
87,68,D,Y,-6.5070,4
109,90,R,L,-6.4768,14
204,185,P,L,-6.4600,9
345,326,K,-,-6.3400,1
486,467,F,S,-6.3108,2
132,113,A,V,-6.2622,12
201,182,V,D,-6.1753,1
78,59,L,R,-6.1646,1
127,108,L,P,-6.1143,20
212,193,S,W,-6.0899,60
462,443,E,*,-6.0627,12
110,91,S,I,-6.0265,5
118,99,P,L,-5.9883,1
134,115,S,P,-5.9804,2
204,185,P,H,-5.9615,1
451,432,E,K,-5.9469,1
266,247,S,I,-5.9093,9
455,436,T,A,-5.8696,1
209,190,D,W,-5.8566,30
189,170,N,S,-5.8182,1
78,59,L,P,-5.7596,12
476,457,E,*,-5.7538,16
338,319,G,V,-5.7446,12
314,295,Q,R,-5.7214,3
181,162,P,L,-5.6870,5
384,365,A,E,-5.6758,8
499,480,S,G,-5.6503,17
225,206,T,P,-5.6496,1
305,286,G,E,-5.6382,2
189,170,N,K,-5.6067,5
183,164,L,P,-5.5898,5
106,87,F,S,-5.5749,1
132,113,A,D,-5.5707,6
506,487,D,L,-5.5500,17
174,155,T,N,-5.5457,5
197,178,Y,H,-5.5416,4
81,62,G,P,-5.5324,14
490,471,H,C,-5.5040,77
367,348,D,G,-5.4846,3
32,13,L,P,-5.4632,30
379,360,G,V,-5.4489,15
55,36,V,F,-5.4262,2
91,72,G,R,-5.4161,2
473,454,Q,*,-5.3959,18
70,51,I,K,-5.3953,1
544,525,F,Y,-5.3840,1
461,442,S,*,-5.3799,18
258,239,P,L,-5.3512,19
275,256,G,C,-5.3512,20
268,249,G,W,-5.3399,83
447,428,L,P,-5.3281,9
489,470,Y,*,-5.3084,16
479,460,E,*,-5.3022,31
382,363,Q,R,-5.2862,5
204,185,P,S,-5.2812,3
471,452,K,*,-5.2457,1
443,424,N,K,-5.2408,5
259,240,G,E,-5.2385,3
514,495,A,E,-5.2330,9
116,97,C,F,-5.2314,6
267,248,T,I,-5.2254,2
95,76,C,F,-5.2221,5
92,73,D,H,-5.2187,1
173,154,L,S,-5.1914,2
336,317,A,T,-5.1858,11
513,494,E,*,-5.1620,14
109,90,R,Q,-5.1619,16
317,298,N,D,-5.1591,1
174,155,T,I,-5.1562,4
478,459,A,S,-5.1469,1
442,423,Y,*,-5.1249,4
254,235,T,I,-5.0947,2
102,83,K,P,-5.0834,18
172,153,W,C,-5.0826,1
557,538,A,P,-5.0794,1
171,152,N,S,-5.0667,1
209,190,D,P,-5.0134,47
148,129,G,V,-5.0118,46
214,195,Y,C,-5.0106,2
468,449,E,*,-5.0017,6
496,477,C,*,-4.9876,8
130,111,L,P,-4.9614,2
256,237,V,A,-4.9376,1
372,353,F,L,-4.9086,10
259,240,G,*,-4.9056,14
34,15,L,F,-4.9042,3
445,426,E,V,-4.8962,2
36,17,H,Q,-4.8704,4
45,26,V,E,-4.8357,1
471,452,K,N,-4.8197,1
262,243,L,P,-4.7957,3
202,183,H,N,-4.7951,19
34,15,L,H,-4.7650,6
202,183,H,Y,-4.7614,8
260,241,D,G,-4.7530,2
451,432,E,*,-4.7432,35
486,467,F,Y,-4.7326,1
513,494,E,K,-4.7214,2
325,306,P,L,-4.7191,3
80,61,G,R,-4.7189,6
325,306,P,H,-4.7188,45
484,465,G,V,-4.7042,3
321,302,Y,*,-4.7012,3
60,41,E,A,-4.6977,1
484,465,G,C,-4.6970,11
200,181,G,R,-4.6834,12
108,89,E,G,-4.6640,9
476,457,E,K,-4.6617,2
496,477,C,R,-4.6142,17
450,431,L,P,-4.5990,42
449,430,A,D,-4.5927,9
260,241,D,Y,-4.5876,20
151,132,Q,H,-4.5831,1
511,492,R,G,-4.5743,11
461,442,S,P,-4.5597,7
496,477,C,S,-4.5509,1
444,425,A,E,-4.5507,8
312,293,P,Q,-4.5212,23
57,38,N,-,-4.5167,1
167,148,F,Y,-4.5043,1
510,491,Y,*,-4.5025,9
214,195,Y,M,-4.4981,5
506,487,D,T,-4.4721,12
214,195,Y,R,-4.4390,22
290,271,D,Y,-4.4236,10
59,40,T,N,-4.3936,1
120,101,D,G,-4.3851,7
389,370,T,N,-4.3588,4
259,240,G,V,-4.3203,28
445,426,E,*,-4.3189,19
348,329,R,I,-4.3174,24
314,295,Q,K,-4.3158,38
150,131,T,F,-4.3029,52
204,185,P,R,-4.2878,1
250,231,S,N,-4.2810,3
471,452,K,T,-4.2700,2
150,131,T,P,-4.2643,81
452,433,N,K,-4.2623,5
455,436,T,K,-4.2574,12
265,246,N,D,-4.2532,5
485,466,C,F,-4.2416,2
93,74,P,H,-4.2283,34
510,491,Y,C,-4.2209,8
454,435,H,R,-4.2033,1
83,64,C,D,-4.2030,78
107,88,V,F,-4.1986,9
490,471,H,Y,-4.1768,2
406,387,K,*,-4.1751,1
82,63,N,K,-4.1750,2
267,248,T,K,-4.1745,3
104,85,D,G,-4.1701,2
92,73,D,N,-4.1618,10
485,466,C,R,-4.1503,2
328,309,V,-,-4.1418,1
92,73,D,Y,-4.1365,35
451,432,E,V,-4.1342,2
62,43,V,I,-4.1314,4
306,287,S,R,-4.1299,3
105,86,L,R,-4.1200,1
482,463,G,*,-4.1129,33
166,147,F,L,-4.1062,6
110,91,S,C,-4.1033,1
500,481,I,W,-4.0987,31
275,256,G,D,-4.0951,5
60,41,E,K,-4.0949,41
137,118,L,P,-4.0929,25
33,14,C,F,-4.0825,14
202,183,H,R,-4.0819,11
193,174,F,S,-4.0798,2
247,228,S,I,-4.0704,2
457,438,D,N,-4.0634,2
75,56,H,D,-4.0631,1
148,129,G,E,-4.0631,1
322,303,G,E,-4.0615,3
506,487,D,S,-4.0466,14
135,116,G,D,-4.0455,71
504,485,T,A,-4.0117,1
507,488,H,E,-3.9922,13
499,480,S,*,-3.9848,15
414,395,I,F,-3.9778,1
371,352,G,S,-3.9751,8
371,352,G,C,-3.9715,19
521,502,I,F,-3.9585,1
338,319,G,R,-3.9542,1
302,283,T,N,-3.9465,7
509,490,V,P,-3.9404,14
441,422,S,*,-3.9371,18
452,433,N,D,-3.9322,2
558,539,C,R,-3.9163,4
247,228,S,R,-3.9083,3
103,84,W,S,-3.8931,1
214,195,Y,I,-3.8907,71
433,414,E,*,-3.8906,35
60,41,E,G,-3.8867,7
103,84,W,L,-3.8836,26
487,468,K,N,-3.8833,1
201,182,V,G,-3.8756,3
34,15,L,P,-3.8652,7
253,234,W,C,-3.8642,19
493,474,D,Y,-3.8598,6
132,113,A,T,-3.8590,9
264,245,I,T,-3.8512,1
325,306,P,S,-3.8481,5
505,486,Y,C,-3.8466,6
327,308,Y,H,-3.8458,2
224,205,S,F,-3.8444,2
88,69,A,P,-3.8401,1
322,303,G,W,-3.8389,16
369,350,W,R,-3.8325,3
254,235,T,K,-3.8322,4
270,251,L,P,-3.8314,6
285,266,S,L,-3.8312,1
71,52,C,F,-3.8162,7
343,324,P,T,-3.8098,4
210,191,Q,R,-3.7990,2
47,28,T,K,-3.7967,5
104,85,D,N,-3.7965,4
440,421,W,*,-3.7743,1
62,43,V,F,-3.7581,30
270,251,L,V,-3.7574,1
146,127,W,*,-3.7494,6
513,494,E,G,-3.7478,9
80,61,G,E,-3.7477,3
253,234,W,R,-3.7420,1
91,72,G,V,-3.7372,25
56,37,T,N,-3.7339,134
158,139,C,R,-3.7295,7
332,313,T,I,-3.7269,1
115,96,N,I,-3.6909,1
32,13,L,Q,-3.6868,4
247,228,S,N,-3.6853,4
200,181,G,V,-3.6766,46
265,246,N,S,-3.6647,7
183,164,L,M,-3.6637,3
309,290,N,K,-3.6581,1
274,255,R,G,-3.6550,1
213,194,L,P,-3.6537,12
202,183,H,Q,-3.6384,6
333,314,L,P,-3.6367,14
275,256,G,S,-3.6365,2
507,488,H,D,-3.6337,1
480,461,D,C,-3.6313,48
172,153,W,L,-3.6309,21
299,280,E,K,-3.6286,3
68,49,G,D,-3.6197,1
482,463,G,C,-3.6115,25
313,294,F,S,-3.6031,1
384,365,A,Q,-3.6015,116
74,55,P,T,-3.5992,16
165,146,S,I,-3.5959,3
322,303,G,V,-3.5891,20
365,346,M,V,-3.5747,1
496,477,C,F,-3.5747,4
86,67,I,K,-3.5741,111
520,501,Q,*,-3.5701,10
336,317,A,E,-3.5669,30
481,462,M,K,-3.5558,1
104,85,D,Y,-3.5512,10
272,253,A,D,-3.5480,5
478,459,A,V,-3.5407,8
250,231,S,G,-3.5400,1
401,382,N,I,-3.5317,1
146,127,W,C,-3.5284,19
153,134,G,V,-3.5245,11
35,16,G,F,-3.5175,27
446,427,L,I,-3.5134,6
191,172,E,V,-3.5121,53
451,432,E,D,-3.5046,17
392,373,A,E,-3.4942,8
459,440,T,N,-3.4930,3
146,127,W,R,-3.4914,1
35,16,G,R,-3.4856,2
479,460,E,G,-3.4832,10
467,448,F,E,-3.4741,43
274,255,R,S,-3.4661,70
273,254,P,H,-3.4572,34
92,73,D,E,-3.4571,15
36,17,H,N,-3.4564,8
250,231,S,C,-3.4443,1
296,277,C,*,-3.4419,5
478,459,A,T,-3.4392,10
200,181,G,W,-3.4321,28
33,14,C,Y,-3.4316,11
199,180,W,L,-3.4305,50
150,131,T,W,-3.4238,33
489,470,Y,N,-3.4214,69
14,-6,A,T,-3.4129,1
514,495,A,T,-3.4124,12
268,249,G,R,-3.4004,2
282,263,G,E,-3.3902,5
174,155,T,A,-3.3890,3
305,286,G,R,-3.3843,1
225,206,T,N,-3.3842,3
281,262,S,C,-3.3836,1
382,363,Q,K,-3.3812,9
559,540,Q,E,-3.3676,1
202,183,H,W,-3.3666,77
422,403,E,S,-3.3635,1
137,118,L,V,-3.3618,1
488,469,I,N,-3.3466,70
257,238,K,E,-3.3453,1
341,322,N,S,-3.3440,2
7,-13,V,F,-3.3357,1
316,297,V,M,-3.3283,6
490,471,H,R,-3.3235,74
226,207,K,I,-3.3203,1
333,314,L,Q,-3.3194,1
105,86,L,P,-3.3107,12
296,277,C,Y,-3.3094,19
93,74,P,T,-3.2985,35
253,234,W,L,-3.2969,32
79,60,D,E,-3.2914,1
151,132,Q,R,-3.2817,8
200,181,G,E,-3.2782,4
306,287,S,G,-3.2777,7
79,60,D,G,-3.2732,2
296,277,C,F,-3.2719,5
290,271,D,G,-3.2698,1
300,281,C,F,-3.2681,4
133,114,S,P,-3.2667,17
362,343,W,R,-3.2638,2
222,203,T,K,-3.2572,2
432,413,V,F,-3.2547,1
470,451,T,K,-3.2532,3
287,268,M,T,-3.2532,1
127,108,L,F,-3.2526,2
503,484,E,P,-3.2519,24
409,390,E,G,-3.2420,1
483,464,N,V,-3.2412,72
204,185,P,Q,-3.2412,87
226,207,K,-,-3.2318,1
506,487,D,G,-3.2247,9
124,105,Y,-,-3.2230,1
125,106,A,-,-3.2230,1
381,362,G,R,-3.2191,5
214,195,Y,K,-3.2179,59
496,477,C,Y,-3.2112,93
103,84,W,C,-3.2095,28
112,93,A,D,-3.2066,7
256,237,V,I,-3.1963,2
388,369,S,N,-3.1929,7
85,66,L,P,-3.1826,9
127,108,L,H,-3.1777,1
417,398,E,K,-3.1776,2
42,23,G,R,-3.1673,10
44,25,I,T,-3.1576,1
458,439,L,P,-3.1488,1
370,351,Y,H,-3.1478,11
306,287,S,N,-3.1442,9
478,459,A,I,-3.1372,50
369,350,W,C,-3.1365,4
359,340,E,*,-3.1363,7
161,142,G,I,-3.1276,109
320,301,T,K,-3.1264,2
158,139,C,F,-3.1215,9
511,492,R,K,-3.1207,1
202,183,H,V,-3.1030,56
542,523,S,F,-3.0928,3
490,471,H,Q,-3.0907,6
61,42,L,F,-3.0892,29
108,89,E,K,-3.0850,3
212,193,S,P,-3.0828,143
260,241,D,N,-3.0721,2
209,190,D,F,-3.0693,64
168,149,S,I,-3.0693,4
547,528,C,R,-3.0605,1
286,267,I,T,-3.0604,1
303,284,P,T,-3.0601,32
117,98,Y,H,-3.0585,6
511,492,R,D,-3.0547,38
214,195,Y,N,-3.0420,75
314,295,Q,P,-3.0379,2
485,466,C,W,-3.0369,75
205,186,G,*,-3.0368,16
428,409,L,P,-3.0145,4
345,326,K,N,-3.0138,69
463,444,M,P,-3.0137,28
83,64,C,Y,-3.0093,62
91,72,G,W,-3.0093,36
368,349,G,D,-3.0066,3
318,299,R,G,-3.0054,8
214,195,Y,F,-3.0025,100
131,112,V,F,-2.9998,11
214,195,Y,G,-2.9895,50
116,97,C,Y,-2.9887,1
332,313,T,N,-2.9865,1
80,61,G,V,-2.9827,190
502,483,N,S,-2.9734,1
135,116,G,C,-2.9726,23
153,134,G,E,-2.9714,1
324,305,C,R,-2.9672,34
74,55,P,L,-2.9582,8
214,195,Y,S,-2.9554,71
424,405,R,S,-2.9479,1
479,460,E,T,-2.9429,54
155,136,S,I,-2.9419,3
384,365,A,V,-2.9403,23
321,302,Y,C,-2.9351,9
206,187,T,F,-2.9304,15
371,352,G,D,-2.9248,4
440,421,W,R,-2.9198,2
168,149,S,G,-2.9109,1
202,183,H,E,-2.9102,69
149,130,V,F,-2.9095,3
270,251,L,I,-2.9005,10
498,479,G,*,-2.8959,47
317,298,N,S,-2.8913,4
285,266,S,P,-2.8907,7
482,463,G,V,-2.8897,9
172,153,W,*,-2.8854,5
238,219,S,C,-2.8849,1
518,499,R,W,-2.8708,14
531,512,K,N,-2.8686,1
478,459,A,D,-2.8648,63
324,305,C,Y,-2.8591,10
445,426,E,K,-2.8580,1
58,39,A,L,-2.8566,46
536,517,W,*,-2.8541,3
114,95,S,T,-2.8441,1
500,481,I,M,-2.8405,5
187,168,M,V,-2.8286,2
157,138,S,V,-2.8252,112
413,394,Q,*,-2.8099,4
199,180,W,C,-2.8033,29
311,292,K,E,-2.8014,2
91,72,G,E,-2.7940,5
214,195,Y,E,-2.7899,60
202,183,H,L,-2.7857,135
357,338,F,L,-2.7757,6
98,79,F,S,-2.7707,5
150,131,T,Y,-2.7694,86
272,253,A,V,-2.7652,7
58,39,A,N,-2.7613,58
275,256,G,V,-2.7613,3
256,237,V,L,-2.7558,5
394,375,D,Y,-2.7513,7
325,306,P,T,-2.7443,21
83,64,C,R,-2.7336,3
374,355,H,N,-2.7331,15
506,487,D,Y,-2.7304,58
374,355,H,Y,-2.7297,5
505,486,Y,H,-2.7277,43
194,175,D,Y,-2.7222,9
268,249,G,V,-2.7181,35
128,109,R,G,-2.7152,7
511,492,R,I,-2.7135,1
178,159,Y,P,-2.7126,216
428,409,L,H,-2.7097,3
230,211,Q,*,-2.7094,1
94,75,Q,P,-2.7081,1
485,466,C,L,-2.7058,52
513,494,E,D,-2.6995,9
543,524,C,*,-2.6929,15
162,143,S,P,-2.6876,1
380,361,R,*,-2.6875,1
135,116,G,S,-2.6871,19
157,138,S,P,-2.6868,79
446,427,L,-,-2.6840,1
194,175,D,G,-2.6839,11
493,474,D,G,-2.6684,11
453,434,Q,R,-2.6660,2
201,182,V,A,-2.6644,2
161,142,G,V,-2.6639,135
214,195,Y,Q,-2.6597,77
90,71,L,S,-2.6572,2
387,368,K,N,-2.6496,2
490,471,H,N,-2.6479,97
229,210,Q,*,-2.6478,1
273,254,P,T,-2.6476,23
214,195,Y,H,-2.6438,99
485,466,C,Y,-2.6403,2
451,432,E,G,-2.6356,10
62,43,V,L,-2.6232,1
436,417,K,R,-2.6196,1
104,85,D,E,-2.6044,4
317,298,N,K,-2.5962,6
88,69,A,V,-2.5950,7
165,146,S,N,-2.5918,2
467,448,F,L,-2.5913,3
214,195,Y,T,-2.5890,39
442,423,Y,C,-2.5888,26
210,191,Q,K,-2.5857,22
68,49,G,V,-2.5856,10
228,209,S,C,-2.5767,1
268,249,G,E,-2.5741,4
312,293,P,A,-2.5715,1
262,243,L,F,-2.5664,6
213,194,L,R,-2.5579,1
202,183,H,F,-2.5481,72
399,380,K,D,-2.5408,54
140,121,K,P,-2.5402,37
135,116,G,V,-2.5382,6
45,26,V,L,-2.5334,7
383,364,A,E,-2.5305,9
209,190,D,R,-2.5273,88
215,196,A,W,-2.5061,55
482,463,G,E,-2.4905,7
63,44,Q,K,-2.4819,55
151,132,Q,C,-2.4779,48
258,239,P,S,-2.4664,1
209,190,D,C,-2.4654,69
116,97,C,S,-2.4630,1
163,144,S,-,-2.4612,1
164,145,S,-,-2.4612,1
459,440,T,I,-2.4566,2
78,59,L,H,-2.4427,3
230,211,Q,R,-2.4375,3
266,247,S,R,-2.4329,7
302,283,T,A,-2.4328,1
438,419,D,G,-2.4323,1
357,338,F,I,-2.4296,2
330,311,Q,I,-2.4279,3
212,193,S,C,-2.4208,92
356,337,G,D,-2.4097,9
463,444,M,W,-2.4046,46
18,-2,D,A,-2.3939,1
330,311,Q,N,-2.3927,60
450,431,L,R,-2.3880,3
518,499,R,L,-2.3872,24
370,351,Y,C,-2.3721,2
272,253,A,S,-2.3719,2
489,470,Y,C,-2.3716,7
84,65,T,A,-2.3615,3
361,342,G,V,-2.3563,2
202,183,H,M,-2.3523,81
183,164,L,H,-2.3520,175
226,207,K,E,-2.3510,1
209,190,D,Y,-2.3492,127
373,354,R,G,-2.3479,48
124,105,Y,C,-2.3408,6
77,58,I,M,-2.3403,1
177,158,N,K,-2.3378,124
289,270,S,L,-2.3301,3
386,367,L,-,-2.3219,2
316,297,V,E,-2.3215,1
344,325,E,V,-2.3202,1
160,141,R,G,-2.3179,12
175,156,H,P,-2.3158,74
178,159,Y,I,-2.3106,165
163,144,S,C,-2.3104,68
352,333,G,V,-2.3082,8
58,39,A,D,-2.3054,147
38,19,A,E,-2.2974,4
170,151,L,*,-2.2964,1
179,160,T,P,-2.2902,167
272,253,A,T,-2.2846,4
435,416,T,N,-2.2782,2
216,197,Q,P,-2.2676,209
34,15,L,R,-2.2655,3
300,281,C,*,-2.2535,5
442,423,Y,K,-2.2464,53
161,142,G,P,-2.2456,49
330,311,Q,D,-2.2447,66
36,17,H,Y,-2.2428,38
385,366,D,Y,-2.2422,3
368,349,G,C,-2.2355,13
355,336,A,E,-2.2179,6
169,150,R,G,-2.2176,6
522,503,K,C,-2.1992,42
362,343,W,L,-2.1989,63
450,431,L,Q,-2.1970,2
223,204,V,I,-2.1883,3
223,204,V,L,-2.1861,4
132,113,A,E,-2.1811,1
79,60,D,V,-2.1732,1
312,293,P,T,-2.1723,2
160,141,R,K,-2.1721,4
507,488,H,V,-2.1717,22
525,506,E,*,-2.1677,24
209,190,D,K,-2.1668,42
482,463,G,S,-2.1600,53
96,77,D,N,-2.1558,5
300,281,C,Y,-2.1516,5
230,211,Q,K,-2.1504,2
285,266,S,*,-2.1484,18
551,532,L,P,-2.1365,5
179,160,T,C,-2.1339,90
322,303,G,R,-2.1334,7
56,37,T,Y,-2.1330,66
523,504,G,C,-2.1308,17
90,71,L,F,-2.1304,61
430,411,K,*,-2.1236,1
336,317,A,V,-2.1189,30
378,359,E,A,-2.1188,2
399,380,K,R,-2.1178,2
507,488,H,I,-2.1176,40
324,305,C,F,-2.1142,5
438,419,D,Y,-2.1101,10
556,537,W,*,-2.1071,4
219,200,G,M,-2.1063,107
211,192,I,P,-2.1060,92
138,119,E,G,-2.0984,4
194,175,D,N,-2.0982,1
441,422,S,P,-2.0968,3
354,335,I,T,-2.0937,1
476,457,E,V,-2.0902,1
312,293,P,S,-2.0899,3
526,507,L,P,-2.0844,8
187,168,M,T,-2.0809,3
126,107,S,P,-2.0803,5
163,144,S,P,-2.0802,66
489,470,Y,K,-2.0745,80
422,403,E,*,-2.0702,12
151,132,Q,K,-2.0686,36
180,161,Y,C,-2.0683,2
84,65,T,I,-2.0681,2
144,125,F,L,-2.0617,7
215,196,A,E,-2.0568,44
117,98,Y,*,-2.0510,3
480,461,D,G,-2.0454,77
215,196,A,P,-2.0310,61
343,324,P,E,-2.0197,1
215,196,A,D,-2.0183,78
356,337,G,V,-2.0059,4
32,13,L,R,-2.0035,5
306,287,S,C,-2.0009,1
174,155,T,H,-2.0000,46
30,11,A,E,-1.9942,23
232,213,V,L,-1.9822,7
372,353,F,S,-1.9811,4
157,138,S,I,-1.9735,114
157,138,S,F,-1.9723,173
280,261,R,*,-1.9690,92
502,483,N,Q,-1.9569,18
519,500,F,A,-1.9294,28
324,305,C,*,-1.9282,1
158,139,C,Y,-1.9270,10
294,275,G,D,-1.9230,118
137,118,L,M,-1.9229,2
511,492,R,M,-1.9204,81
210,191,Q,S,-1.9164,101
329,310,K,E,-1.9145,1
530,511,Y,*,-1.9113,6
163,144,S,W,-1.9093,57
177,158,N,G,-1.9068,66
118,99,P,T,-1.9008,34
388,369,S,I,-1.8980,7
286,267,I,M,-1.8879,5
254,235,T,A,-1.8877,4
114,95,S,I,-1.8853,10
118,99,P,H,-1.8834,73
133,114,S,F,-1.8826,27
252,233,Y,N,-1.8794,1
175,156,H,Y,-1.8744,2
119,100,Y,H,-1.8699,9
284,265,S,N,-1.8639,4
69,50,E,G,-1.8629,81
14,-6,A,S,-1.8605,3
216,197,Q,W,-1.8565,97
449,430,A,V,-1.8554,17
133,114,S,W,-1.8516,36
177,158,N,S,-1.8473,3
378,359,E,*,-1.8443,18
180,161,Y,H,-1.8433,59
197,178,Y,C,-1.8413,13
433,414,E,V,-1.8384,1
451,432,E,N,-1.8365,101
517,498,N,S,-1.8332,1
493,474,D,P,-1.8323,36
206,187,T,K,-1.8314,6
395,376,Q,*,-1.8314,3
152,133,N,K,-1.8307,2
361,342,G,C,-1.8263,16
177,158,N,E,-1.8245,127
170,151,L,S,-1.8234,1
511,492,R,N,-1.8194,24
259,240,G,R,-1.8135,1
222,203,T,V,-1.8090,56
161,142,G,C,-1.8061,63
167,148,F,L,-1.8055,1
454,435,H,N,-1.8045,2
234,215,P,Q,-1.8007,43
236,217,I,D,-1.7973,105
173,154,L,F,-1.7883,21
375,356,Q,*,-1.7859,1
505,486,Y,F,-1.7854,33
145,126,N,Y,-1.7841,1
114,95,S,R,-1.7818,4
62,43,V,A,-1.7772,3
429,410,E,*,-1.7746,33
340,321,R,L,-1.7737,17
178,159,Y,V,-1.7647,358
506,487,D,K,-1.7633,15
81,62,G,T,-1.7617,23
102,83,K,L,-1.7589,63
506,487,D,Q,-1.7575,22
484,465,G,S,-1.7571,3
42,23,G,V,-1.7544,17
243,224,R,L,-1.7520,54
362,343,W,C,-1.7472,39
96,77,D,Y,-1.7373,23
158,139,C,W,-1.7325,1
160,141,R,M,-1.7309,42
219,200,G,V,-1.7292,21
306,287,S,I,-1.7275,3
408,389,N,K,-1.7242,6
243,224,R,I,-1.7233,116
552,533,G,D,-1.7193,1
527,508,K,E,-1.7189,4
49,30,T,G,-1.7159,15
130,111,L,Q,-1.7154,3
488,469,I,T,-1.7150,1
506,487,D,I,-1.7136,20
266,247,S,H,-1.7134,81
211,192,I,C,-1.7087,91
469,450,K,D,-1.7086,34
157,138,S,C,-1.7081,108
161,142,G,W,-1.7075,74
150,131,T,D,-1.7033,99
183,164,L,F,-1.7030,100
71,52,C,S,-1.7000,1
147,128,A,C,-1.6997,26
471,452,K,E,-1.6984,78
417,398,E,*,-1.6969,5
161,142,G,M,-1.6910,71
157,138,S,E,-1.6907,55
475,456,R,E,-1.6856,40
180,161,Y,W,-1.6719,81
388,369,S,R,-1.6719,7
423,404,G,M,-1.6675,1
179,160,T,W,-1.6666,125
63,44,Q,G,-1.6661,50
88,69,A,D,-1.6659,11
243,224,R,M,-1.6646,161
39,20,V,A,-1.6623,4
209,190,D,G,-1.6566,124
255,236,I,M,-1.6535,12
326,307,R,G,-1.6509,5
150,131,T,*,-1.6460,30
95,76,C,Y,-1.6440,2
55,36,V,C,-1.6438,33
117,98,Y,C,-1.6436,5
439,420,L,P,-1.6412,4
471,452,K,M,-1.6390,2
17,-3,A,S,-1.6390,6
151,132,Q,V,-1.6328,44
373,354,R,S,-1.6298,4
345,326,K,D,-1.6288,41
209,190,D,N,-1.6209,214
518,499,R,Q,-1.6201,17
287,268,M,K,-1.6190,1
79,60,D,Y,-1.6179,2
211,192,I,G,-1.6165,151
138,119,E,K,-1.6102,3
150,131,T,C,-1.6101,62
250,231,S,I,-1.6036,65
363,344,E,K,-1.6025,7
31,12,T,A,-1.6005,24
243,224,R,F,-1.5976,145
419,400,S,*,-1.5948,35
209,190,D,V,-1.5942,112
58,39,A,T,-1.5933,63
191,172,E,*,-1.5927,18
102,83,K,C,-1.5917,126
386,367,L,P,-1.5830,13
511,492,R,S,-1.5797,32
538,519,S,F,-1.5727,6
321,302,Y,H,-1.5715,3
514,495,A,V,-1.5699,2
178,159,Y,C,-1.5663,147
467,448,F,S,-1.5659,4
463,444,M,V,-1.5633,1
63,44,Q,D,-1.5623,43
54,35,E,K,-1.5617,2
201,182,V,F,-1.5587,12
547,528,C,*,-1.5570,6
17,-3,A,T,-1.5569,3
328,309,V,F,-1.5538,4
243,224,R,P,-1.5513,66
146,127,W,L,-1.5488,35
140,121,K,G,-1.5483,54
81,62,G,W,-1.5470,158
157,138,S,W,-1.5444,119
154,135,K,P,-1.5400,47
164,145,S,W,-1.5389,43
148,129,G,R,-1.5363,5
367,348,D,Y,-1.5351,11
53,34,I,N,-1.5343,96
506,487,D,E,-1.5326,14
432,413,V,N,-1.5320,62
157,138,S,G,-1.5268,75
292,273,P,Q,-1.5251,15
250,231,S,R,-1.5197,1
358,339,I,M,-1.5191,14
157,138,S,D,-1.5162,127
51,32,D,W,-1.5152,47
529,510,G,*,-1.5144,34
365,346,M,T,-1.5138,1
207,188,D,G,-1.5120,2
528,509,S,*,-1.5116,18
274,255,R,M,-1.5101,40
506,487,D,A,-1.5049,20
542,523,S,P,-1.5046,2
327,308,Y,C,-1.5028,1
244,225,D,Y,-1.5006,7
217,198,S,C,-1.4954,147
379,360,G,E,-1.4934,12
237,218,G,P,-1.4904,70
475,456,R,K,-1.4896,1
382,363,Q,*,-1.4893,2
447,428,L,R,-1.4884,1
131,112,V,A,-1.4867,1
443,424,N,D,-1.4817,12
127,108,L,I,-1.4759,63
161,142,G,L,-1.4741,87
216,197,Q,F,-1.4731,117
345,326,K,E,-1.4727,16
400,381,L,P,-1.4713,23
188,169,P,T,-1.4708,10
150,131,T,H,-1.4647,69
294,275,G,L,-1.4645,64
132,113,A,S,-1.4644,21
74,55,P,H,-1.4643,35
415,396,E,*,-1.4609,7
213,194,L,M,-1.4593,70
150,131,T,G,-1.4557,56
216,197,Q,L,-1.4545,347
305,286,G,*,-1.4544,28
181,162,P,T,-1.4534,9
56,37,T,A,-1.4464,59
379,360,G,R,-1.4451,5
507,488,H,N,-1.4444,28
102,83,K,F,-1.4349,16
161,142,G,T,-1.4348,108
236,217,I,E,-1.4342,90
460,441,D,N,-1.4332,2
157,138,S,H,-1.4269,139
506,487,D,V,-1.4216,13
153,134,G,*,-1.4182,22
245,226,I,T,-1.4165,91
157,138,S,L,-1.4149,271
68,49,G,S,-1.4132,3
209,190,D,S,-1.4128,119
212,193,S,*,-1.4127,76
203,184,H,Y,-1.4121,9
190,171,K,P,-1.4114,47
386,367,L,S,-1.4112,1
153,134,G,H,-1.4091,47
209,190,D,Q,-1.4052,19
330,311,Q,P,-1.4029,153
291,272,A,H,-1.4029,63
523,504,G,*,-1.4008,20
319,300,I,T,-1.4006,136
440,421,W,C,-1.3993,11
538,519,S,Y,-1.3990,11
258,239,P,Q,-1.3975,19
243,224,R,E,-1.3962,85
243,224,R,Y,-1.3929,130
181,162,P,Q,-1.3914,39
468,449,E,G,-1.3912,2
443,424,N,S,-1.3872,3
204,185,P,T,-1.3855,22
356,337,G,C,-1.3828,17
349,330,G,D,-1.3810,1
352,333,G,C,-1.3804,34
209,190,D,H,-1.3756,56
469,450,K,E,-1.3741,52
157,138,S,N,-1.3739,156
133,114,S,G,-1.3733,7
428,409,L,N,-1.3723,99
195,176,K,E,-1.3716,1
154,135,K,W,-1.3688,36
303,284,P,Q,-1.3673,43
370,351,Y,*,-1.3623,4
487,468,K,E,-1.3621,11
330,311,Q,E,-1.3620,68
483,464,N,T,-1.3618,76
480,461,D,I,-1.3616,92
469,450,K,Y,-1.3604,60
250,231,S,V,-1.3591,55
266,247,S,N,-1.3560,16
330,311,Q,G,-1.3476,90
507,488,H,Y,-1.3452,3
157,138,S,Y,-1.3419,167
212,193,S,V,-1.3393,92
148,129,G,*,-1.3355,29
161,142,G,F,-1.3345,87
150,131,T,I,-1.3331,226
409,390,E,K,-1.3323,4
81,62,G,S,-1.3316,23
209,190,D,A,-1.3304,106
209,190,D,M,-1.3293,24
180,161,Y,F,-1.3292,53
110,91,S,G,-1.3279,3
35,16,G,W,-1.3219,51
294,275,G,C,-1.3201,186
157,138,S,T,-1.3181,263
107,88,V,A,-1.3179,1
245,226,I,S,-1.3174,50
345,326,K,G,-1.3160,49
355,336,A,V,-1.3130,17
175,156,H,N,-1.3116,67
63,44,Q,F,-1.3115,71
37,18,H,N,-1.3110,29
469,450,K,F,-1.3087,52
95,76,C,R,-1.3081,2
507,488,H,Q,-1.3070,14
169,150,R,I,-1.3012,5
504,485,T,N,-1.2949,7
434,415,D,Y,-1.2944,19
31,12,T,K,-1.2937,27
442,423,Y,H,-1.2932,12
181,162,P,D,-1.2918,76
335,316,L,F,-1.2914,13
407,388,T,P,-1.2897,64
412,393,H,R,-1.2853,3
277,258,F,L,-1.2834,10
68,49,G,C,-1.2806,23
397,378,N,K,-1.2787,1
234,215,P,F,-1.2776,69
215,196,A,N,-1.2771,51
559,540,Q,*,-1.2767,9
108,89,E,D,-1.2764,2
347,328,T,N,-1.2752,4
299,280,E,W,-1.2721,23
243,224,R,W,-1.2645,98
21,2,K,E,-1.2633,4
340,321,R,Q,-1.2620,16
30,11,A,P,-1.2610,3
81,62,G,Y,-1.2560,12
481,462,M,T,-1.2545,62
73,54,S,I,-1.2489,4
295,276,K,V,-1.2454,43
378,359,E,V,-1.2338,2
381,362,G,V,-1.2292,9
56,37,T,C,-1.2283,82
60,41,E,D,-1.2267,12
212,193,S,K,-1.2249,97
153,134,G,R,-1.2244,5
234,215,P,N,-1.2236,134
142,123,E,G,-1.2197,1
298,279,S,D,-1.2184,121
243,224,R,V,-1.2169,77
368,349,G,S,-1.2165,15
63,44,Q,W,-1.2133,75
179,160,T,L,-1.2072,398
102,83,K,I,-1.2057,21
157,138,S,Q,-1.2034,135
133,114,S,*,-1.2015,41
481,462,M,V,-1.2008,8
493,474,D,E,-1.2006,11
217,198,S,W,-1.2003,158
31,12,T,C,-1.1997,6
70,51,I,M,-1.1986,6
178,159,Y,T,-1.1966,360
107,88,V,D,-1.1953,1
506,487,D,R,-1.1952,28
460,441,D,Y,-1.1942,16
382,363,Q,H,-1.1850,3
479,460,E,F,-1.1838,48
453,434,Q,E,-1.1823,100
364,345,G,V,-1.1806,16
147,128,A,*,-1.1806,31
447,428,L,F,-1.1787,3
405,386,G,*,-1.1752,26
163,144,S,I,-1.1747,164
382,363,Q,-,-1.1712,1
383,364,A,-,-1.1712,1
384,365,A,-,-1.1712,1
385,366,D,-,-1.1712,1
387,368,K,-,-1.1712,1
388,369,S,-,-1.1712,1
389,370,T,-,-1.1712,1
216,197,Q,Y,-1.1710,145
276,257,Y,H,-1.1628,4
499,480,S,L,-1.1620,27
40,21,P,C,-1.1619,47
206,187,T,M,-1.1615,5
322,303,G,A,-1.1600,1
290,271,D,N,-1.1576,75
179,160,T,G,-1.1536,278
175,156,H,G,-1.1523,65
299,280,E,N,-1.1504,69
54,35,E,G,-1.1500,6
473,454,Q,K,-1.1495,77
446,427,L,Q,-1.1483,89
525,506,E,K,-1.1470,1
180,161,Y,M,-1.1453,48
236,217,I,F,-1.1398,72
337,318,T,K,-1.1397,7
530,511,Y,H,-1.1370,1
388,369,S,G,-1.1354,19
245,226,I,N,-1.1329,139
539,520,F,L,-1.1329,18
212,193,S,Y,-1.1318,148
295,276,K,L,-1.1233,85
140,121,K,D,-1.1223,107
150,131,T,L,-1.1214,255
509,490,V,G,-1.1206,21
374,355,H,Q,-1.1146,2
175,156,H,E,-1.1141,60
19,-1,T,I,-1.1127,5
160,141,R,S,-1.1118,73
236,217,I,Q,-1.1099,83
163,144,S,L,-1.1084,174
409,390,E,*,-1.1063,29
440,421,W,L,-1.1063,26
315,296,N,T,-1.1051,1
72,53,D,Y,-1.1000,21
222,203,T,I,-1.0997,102
221,202,I,M,-1.0973,1
218,199,S,W,-1.0971,47
444,425,A,S,-1.0941,7
245,226,I,F,-1.0915,81
22,3,I,S,-1.0912,57
128,109,R,S,-1.0898,4
190,171,K,*,-1.0897,63
245,226,I,L,-1.0873,68
378,359,E,G,-1.0866,27
190,171,K,G,-1.0865,82
347,328,T,C,-1.0864,29
63,44,Q,M,-1.0844,51
209,190,D,E,-1.0825,148
130,111,L,I,-1.0817,1
351,332,F,S,-1.0812,1
313,294,F,L,-1.0789,23
454,435,H,M,-1.0789,57
465,446,K,I,-1.0771,47
212,193,S,I,-1.0749,98
504,485,T,V,-1.0735,6
446,427,L,T,-1.0733,124
219,200,G,*,-1.0724,30
556,537,W,R,-1.0722,1
491,472,K,G,-1.0681,41
294,275,G,Q,-1.0674,31
309,290,N,D,-1.0661,3
66,47,S,P,-1.0650,18
245,226,I,H,-1.0641,93
31,12,T,E,-1.0614,19
337,318,T,A,-1.0610,1
102,83,K,W,-1.0588,11
163,144,S,F,-1.0577,68
216,197,Q,D,-1.0573,82
450,431,L,F,-1.0552,88
423,404,G,*,-1.0548,51
310,291,D,M,-1.0539,46
243,224,R,D,-1.0522,88
266,247,S,F,-1.0520,76
291,272,A,S,-1.0515,3
462,443,E,S,-1.0502,38
102,83,K,M,-1.0451,26
64,45,N,C,-1.0432,51
18,-2,D,E,-1.0422,2
199,180,W,*,-1.0406,1
157,138,S,M,-1.0402,126
349,330,G,C,-1.0400,29
149,130,V,I,-1.0391,5
206,187,T,E,-1.0381,99
150,131,T,E,-1.0361,41
219,200,G,R,-1.0336,4
81,62,G,R,-1.0330,99
294,275,G,H,-1.0326,77
154,135,K,L,-1.0324,117
499,480,S,P,-1.0322,1
81,62,G,V,-1.0315,130
517,498,N,D,-1.0301,1
450,431,L,W,-1.0289,86
179,160,T,D,-1.0286,213
27,8,N,C,-1.0279,39
228,209,S,R,-1.0226,11
157,138,S,R,-1.0216,143
364,345,G,C,-1.0213,77
471,452,K,S,-1.0205,47
540,521,A,V,-1.0175,17
155,136,S,G,-1.0169,4
464,445,N,Y,-1.0154,45
160,141,R,D,-1.0151,22
81,62,G,F,-1.0128,9
466,447,L,P,-1.0120,1
559,540,Q,R,-1.0110,27
469,450,K,V,-1.0038,96
232,213,V,A,-1.0029,72
298,279,S,C,-1.0025,38
278,259,K,E,-1.0017,11
547,528,C,Y,-0.9993,3
480,461,D,Y,-0.9988,12
111,92,R,P,-0.9987,38
24,5,G,*,-0.9940,24
236,217,I,M,-0.9937,66
216,197,Q,M,-0.9931,142
459,440,T,S,-0.9929,1
276,257,Y,*,-0.9912,2
282,263,G,V,-0.9912,31
88,69,A,T,-0.9899,14
35,16,G,V,-0.9887,17
161,142,G,Y,-0.9885,67
507,488,H,P,-0.9884,43
253,234,W,*,-0.9877,5
524,505,V,I,-0.9848,15
407,388,T,K,-0.9845,17
55,36,V,I,-0.9844,5
298,279,S,V,-0.9839,84
68,49,G,R,-0.9835,47
381,362,G,*,-0.9808,32
81,62,G,H,-0.9782,42
233,214,I,G,-0.9768,41
525,506,E,G,-0.9744,3
359,340,E,D,-0.9738,1
299,280,E,I,-0.9736,115
491,472,K,L,-0.9726,92
155,136,S,T,-0.9696,56
111,92,R,C,-0.9690,33
299,280,E,*,-0.9689,8
352,333,G,D,-0.9688,1
148,129,G,A,-0.9675,2
219,200,G,N,-0.9672,62
513,494,E,V,-0.9665,2
424,405,R,C,-0.9663,44
295,276,K,I,-0.9653,175
178,159,Y,L,-0.9649,392
418,399,F,H,-0.9642,43
345,326,K,P,-0.9636,38
507,488,H,S,-0.9612,25
508,489,N,G,-0.9596,20
434,415,D,G,-0.9590,63
23,4,P,C,-0.9584,34
192,173,Q,W,-0.9583,53
54,35,E,D,-0.9572,75
106,87,F,L,-0.9570,2
390,371,Q,K,-0.9538,27
447,428,L,Q,-0.9523,168
92,73,D,G,-0.9518,21
234,215,P,M,-0.9497,68
450,431,L,Y,-0.9478,78
301,282,I,T,-0.9473,5
192,173,Q,F,-0.9439,43
243,224,R,N,-0.9419,78
433,414,E,G,-0.9416,20
353,334,A,T,-0.9401,36
209,190,D,L,-0.9387,91
51,32,D,T,-0.9383,37
209,190,D,T,-0.9371,68
234,215,P,L,-0.9363,3
464,445,N,C,-0.9362,41
121,102,V,L,-0.9348,3
355,336,A,T,-0.9330,1
194,175,D,E,-0.9329,5
501,482,R,C,-0.9322,15
179,160,T,M,-0.9318,300
205,186,G,Q,-0.9314,13
162,143,S,W,-0.9310,47
66,47,S,L,-0.9291,77
179,160,T,I,-0.9291,182
473,454,Q,F,-0.9271,38
289,270,S,*,-0.9271,10
179,160,T,V,-0.9264,298
239,220,R,D,-0.9256,65
398,379,G,Y,-0.9253,28
263,244,L,G,-0.9243,1
154,135,K,Y,-0.9229,69
415,396,E,K,-0.9204,1
287,268,M,V,-0.9187,1
142,123,E,*,-0.9185,5
339,320,M,I,-0.9184,13
350,331,I,T,-0.9159,1
209,190,D,I,-0.9154,45
311,292,K,L,-0.9149,87
516,497,N,D,-0.9104,72
150,131,T,V,-0.9096,167
279,260,I,T,-0.9095,1
538,519,S,P,-0.9089,2
19,-1,T,K,-0.9025,5
220,201,R,D,-0.8992,68
71,52,C,*,-0.8992,4
103,84,W,*,-0.8980,2
345,326,K,W,-0.8966,36
179,160,T,F,-0.8940,139
174,155,T,S,-0.8936,37
431,412,Y,H,-0.8929,3
188,169,P,Q,-0.8922,29
545,526,L,P,-0.8906,14
420,401,E,*,-0.8905,7
154,135,K,C,-0.8886,34
154,135,K,I,-0.8877,94
304,285,N,D,-0.8874,2
278,259,K,N,-0.8861,1
228,209,S,I,-0.8851,29
241,222,R,D,-0.8838,8
294,275,G,M,-0.8820,50
533,514,W,*,-0.8778,4
88,69,A,S,-0.8775,8
177,158,N,D,-0.8772,79
212,193,S,F,-0.8746,223
179,160,T,Y,-0.8740,153
280,261,R,W,-0.8740,39
265,246,N,K,-0.8726,6
211,192,I,*,-0.8723,72
152,133,N,S,-0.8719,59
315,296,N,H,-0.8709,65
243,224,R,Q,-0.8695,72
295,276,K,E,-0.8694,175
332,313,T,H,-0.8693,75
406,387,K,V,-0.8683,46
92,73,D,V,-0.8682,2
299,280,E,F,-0.8643,44
211,192,I,D,-0.8634,190
63,44,Q,*,-0.8622,2
31,12,T,L,-0.8618,3
510,491,Y,H,-0.8608,7
216,197,Q,E,-0.8607,106
154,135,K,D,-0.8592,39
522,503,K,W,-0.8581,76
56,37,T,M,-0.8578,81
507,488,H,T,-0.8573,16
215,196,A,V,-0.8566,58
66,47,S,M,-0.8560,44
51,32,D,I,-0.8534,74
239,220,R,C,-0.8530,65
101,82,K,N,-0.8524,11
185,166,V,L,-0.8488,2
178,159,Y,A,-0.8472,295
50,31,N,C,-0.8443,43
319,300,I,A,-0.8440,56
453,434,Q,K,-0.8440,22
222,203,T,A,-0.8391,44
295,276,K,M,-0.8379,104
457,438,D,Y,-0.8376,6
69,50,E,D,-0.8349,2
161,142,G,E,-0.8340,111
277,258,F,I,-0.8338,2
63,44,Q,R,-0.8311,23
330,311,Q,*,-0.8309,151
250,231,S,Q,-0.8307,83
54,35,E,Q,-0.8296,69
473,454,Q,N,-0.8286,60
364,345,G,E,-0.8240,5
81,62,G,I,-0.8236,62
379,360,G,*,-0.8235,33
187,168,M,L,-0.8234,1
294,275,G,I,-0.8232,97
344,325,E,*,-0.8224,35
375,356,Q,K,-0.8198,191
239,220,R,E,-0.8182,72
222,203,T,M,-0.8169,65
48,29,I,M,-0.8154,56
509,490,V,T,-0.8146,24
243,224,R,H,-0.8146,90
298,279,S,G,-0.8127,98
308,289,P,E,-0.8104,45
336,317,A,S,-0.8087,6
75,56,H,N,-0.8077,29
128,109,R,M,-0.8068,16
375,356,Q,C,-0.8047,38
241,222,R,V,-0.8041,113
421,402,V,K,-0.8032,98
249,230,I,V,-0.8017,86
500,481,I,T,-0.8014,1
94,75,Q,R,-0.8005,28
310,291,D,A,-0.7994,48
432,413,V,A,-0.7988,3
54,35,E,S,-0.7974,56
64,45,N,V,-0.7967,39
286,267,I,V,-0.7956,70
176,157,L,T,-0.7943,89
133,114,S,D,-0.7911,12
457,438,D,H,-0.7900,75
241,222,R,E,-0.7894,48
310,291,D,Y,-0.7888,54
380,361,R,K,-0.7881,100
31,12,T,F,-0.7878,11
236,217,I,L,-0.7875,81
243,224,R,G,-0.7863,30
102,83,K,G,-0.7860,13
482,463,G,R,-0.7859,5
310,291,D,S,-0.7854,46
512,493,D,V,-0.7853,36
448,429,V,T,-0.7852,46
469,450,K,G,-0.7851,46
476,457,E,D,-0.7839,1
479,460,E,D,-0.7828,37
57,38,N,C,-0.7819,49
242,223,I,R,-0.7807,110
413,394,Q,K,-0.7802,7
131,112,V,L,-0.7785,1
154,135,K,F,-0.7780,49
66,47,S,N,-0.7769,77
380,361,R,E,-0.7769,87
491,472,K,N,-0.7745,76
241,222,R,W,-0.7744,84
26,7,D,C,-0.7742,48
480,461,D,N,-0.7725,116
216,197,Q,I,-0.7710,161
331,312,N,M,-0.7710,77
115,96,N,Y,-0.7706,78
517,498,N,H,-0.7702,37
364,345,G,R,-0.7686,6
188,169,P,S,-0.7673,50
456,437,I,F,-0.7637,1
179,160,T,R,-0.7630,519
81,62,G,A,-0.7609,81
512,493,D,F,-0.7600,40
112,93,A,V,-0.7585,65
421,402,V,H,-0.7581,65
425,406,V,W,-0.7557,45
44,25,I,S,-0.7552,66
284,265,S,R,-0.7543,9
37,18,H,D,-0.7531,1
320,301,T,A,-0.7522,208
116,97,C,R,-0.7515,1
245,226,I,M,-0.7512,151
535,516,L,P,-0.7507,33
326,307,R,A,-0.7504,56
18,-2,D,Y,-0.7503,29
57,38,N,F,-0.7494,49
154,135,K,*,-0.7493,64
469,450,K,L,-0.7476,72
543,524,C,R,-0.7470,2
68,49,G,Y,-0.7453,67
81,62,G,C,-0.7450,8
299,280,E,G,-0.7448,99
126,107,S,W,-0.7436,48
115,96,N,D,-0.7429,83
191,172,E,Q,-0.7413,80
217,198,S,F,-0.7409,203
142,123,E,D,-0.7355,1
241,222,R,Q,-0.7352,105
277,258,F,V,-0.7336,1
37,18,H,Q,-0.7331,98
280,261,R,D,-0.7326,37
404,385,I,T,-0.7307,42
49,30,T,E,-0.7307,59
545,526,L,Q,-0.7297,2
211,192,I,W,-0.7296,43
48,29,I,W,-0.7282,42
499,480,S,R,-0.7278,21
421,402,V,R,-0.7263,75
522,503,K,I,-0.7247,60
360,341,N,K,-0.7245,2
46,27,K,M,-0.7243,61
157,138,S,K,-0.7237,88
72,53,D,Q,-0.7225,54
220,201,R,N,-0.7219,80
133,114,S,L,-0.7187,22
211,192,I,S,-0.7186,487
147,128,A,W,-0.7182,30
234,215,P,T,-0.7171,187
123,104,D,Y,-0.7166,13
282,263,G,W,-0.7160,48
434,415,D,T,-0.7150,121
503,484,E,V,-0.7147,1
283,264,K,E,-0.7146,9
243,224,R,S,-0.7140,110
203,184,H,E,-0.7136,212
249,230,I,T,-0.7135,1
81,62,G,K,-0.7099,60
450,431,L,T,-0.7092,79
465,446,K,L,-0.7082,43
190,171,K,C,-0.7076,41
66,47,S,I,-0.7072,66
176,157,L,G,-0.7069,49
540,521,A,D,-0.7069,18
243,224,R,A,-0.7056,87
491,472,K,F,-0.7048,74
363,344,E,V,-0.7041,118
474,455,L,P,-0.7013,1
495,476,A,W,-0.6992,32
487,468,K,F,-0.6986,85
161,142,G,*,-0.6986,68
448,429,V,F,-0.6981,5
472,453,K,E,-0.6981,36
330,311,Q,Y,-0.6974,87
469,450,K,H,-0.6953,40
69,50,E,*,-0.6937,13
66,47,S,D,-0.6923,51
407,388,T,Q,-0.6917,42
99,80,Q,R,-0.6907,11
463,444,M,L,-0.6901,1
24,5,G,W,-0.6887,98
353,334,A,V,-0.6884,4
326,307,R,Q,-0.6872,71
241,222,R,I,-0.6868,139
144,125,F,I,-0.6866,1
50,31,N,I,-0.6857,47
190,171,K,F,-0.6855,53
346,327,Q,K,-0.6833,77
446,427,L,F,-0.6822,6
516,497,N,C,-0.6806,35
205,186,G,I,-0.6803,92
241,222,R,F,-0.6796,102
547,528,C,F,-0.6796,5
468,449,E,Y,-0.6793,54
419,400,S,P,-0.6793,50
522,503,K,P,-0.6756,26
159,140,I,N,-0.6755,76
206,187,T,A,-0.6749,118
384,365,A,T,-0.6743,7
408,389,N,D,-0.6742,61
75,56,H,I,-0.6730,60
411,392,F,L,-0.6729,16
329,310,K,H,-0.6728,42
26,7,D,N,-0.6714,25
140,121,K,C,-0.6713,36
550,531,L,P,-0.6695,5
191,172,E,G,-0.6685,61
469,450,K,M,-0.6676,63
519,500,F,W,-0.6655,55
501,482,R,E,-0.6646,1
299,280,E,H,-0.6645,56
51,32,D,Y,-0.6643,90
147,128,A,G,-0.6630,63
278,259,K,V,-0.6621,19
234,215,P,I,-0.6612,157
70,51,I,L,-0.6605,59
409,390,E,H,-0.6585,43
83,64,C,*,-0.6549,3
481,462,M,Q,-0.6547,44
102,83,K,Y,-0.6533,22
345,326,K,C,-0.6511,31
205,186,G,L,-0.6471,55
142,123,E,K,-0.6466,2
82,63,N,D,-0.6465,70
64,45,N,L,-0.6442,42
533,514,W,C,-0.6407,8
154,135,K,Q,-0.6402,131
442,423,Y,A,-0.6397,38
25,6,N,S,-0.6394,44
72,53,D,G,-0.6379,65
133,114,S,Q,-0.6379,29
102,83,K,A,-0.6376,99
99,80,Q,K,-0.6367,105
320,301,T,H,-0.6343,87
340,321,R,*,-0.6342,25
508,489,N,I,-0.6319,35
26,7,D,P,-0.6318,29
208,189,K,H,-0.6308,95
295,276,K,T,-0.6297,142
301,282,I,M,-0.6293,1
212,193,S,M,-0.6286,142
303,284,P,A,-0.6272,78
309,290,N,A,-0.6265,49
150,131,T,A,-0.6256,196
299,280,E,V,-0.6254,72
498,479,G,C,-0.6253,53
462,443,E,L,-0.6249,43
182,163,A,W,-0.6239,61
339,320,M,T,-0.6231,1
165,146,S,G,-0.6213,2
44,25,I,L,-0.6202,53
363,344,E,L,-0.6195,75
258,239,P,T,-0.6182,3
154,135,K,E,-0.6181,164
297,278,K,S,-0.6179,70
489,470,Y,H,-0.6124,67
102,83,K,D,-0.6122,95
466,447,L,M,-0.6099,5
404,385,I,M,-0.6099,51
287,268,M,L,-0.6097,132
410,391,K,E,-0.6072,63
190,171,K,W,-0.6063,45
68,49,G,A,-0.6060,64
299,280,E,A,-0.6055,82
241,222,R,A,-0.6054,74
543,524,C,Y,-0.6027,9
499,480,S,E,-0.6017,38
295,276,K,R,-0.6016,190
556,537,W,C,-0.6010,30
501,482,R,G,-0.6001,3
487,468,K,Q,-0.5993,85
125,106,A,V,-0.5993,78
446,427,L,V,-0.5982,93
201,182,V,I,-0.5978,14
364,345,G,*,-0.5972,43
239,220,R,I,-0.5962,114
163,144,S,A,-0.5960,96
41,22,N,L,-0.5953,36
475,456,R,H,-0.5940,8
345,326,K,*,-0.5938,29
192,173,Q,C,-0.5937,45
468,449,E,L,-0.5909,57
437,418,I,M,-0.5902,7
64,45,N,K,-0.5897,61
97,78,G,C,-0.5882,34
400,381,L,I,-0.5863,23
453,434,Q,T,-0.5861,124
395,376,Q,M,-0.5857,94
426,407,Q,H,-0.5851,12
353,334,A,E,-0.5850,8
557,538,A,E,-0.5836,48
522,503,K,F,-0.5821,38
52,33,R,V,-0.5818,37
81,62,G,M,-0.5805,73
215,196,A,T,-0.5801,29
488,469,I,L,-0.5797,55
211,192,I,N,-0.5782,331
41,22,N,W,-0.5780,8
217,198,S,V,-0.5770,158
179,160,T,A,-0.5765,302
509,490,V,W,-0.5748,26
495,476,A,R,-0.5736,25
222,203,T,H,-0.5729,79
491,472,K,T,-0.5723,59
408,389,N,-,-0.5710,1
397,378,N,W,-0.5706,44
20,1,Q,P,-0.5699,3
546,527,L,P,-0.5696,6
503,484,E,K,-0.5678,3
445,426,E,D,-0.5669,108
41,22,N,R,-0.5657,26
298,279,S,N,-0.5655,94
532,513,D,Y,-0.5654,8
320,301,T,I,-0.5644,3
241,222,R,M,-0.5639,71
179,160,T,E,-0.5632,230
163,144,S,M,-0.5631,84
406,387,K,H,-0.5619,52
464,445,N,I,-0.5610,45
457,438,D,Q,-0.5608,63
101,82,K,T,-0.5580,78
64,45,N,I,-0.5580,73
381,362,G,E,-0.5565,2
310,291,D,Q,-0.5557,62
125,106,A,L,-0.5557,63
212,193,S,T,-0.5556,305
81,62,G,L,-0.5534,102
235,216,N,F,-0.5532,122
350,331,I,L,-0.5524,33
280,261,R,P,-0.5519,84
387,368,K,W,-0.5515,84
163,144,S,V,-0.5514,217
57,38,N,Y,-0.5509,64
558,539,C,Y,-0.5505,5
107,88,V,L,-0.5503,115
211,192,I,T,-0.5497,339
191,172,E,K,-0.5484,1
178,159,Y,E,-0.5480,213
310,291,D,V,-0.5465,57
26,7,D,H,-0.5461,34
431,412,Y,C,-0.5459,7
29,10,T,K,-0.5447,17
187,168,M,Q,-0.5440,51
26,7,D,S,-0.5439,40
179,160,T,N,-0.5428,279
44,25,I,Q,-0.5427,59
51,32,D,L,-0.5424,51
445,426,E,G,-0.5421,2
520,501,Q,E,-0.5410,21
179,160,T,H,-0.5408,256
124,105,Y,L,-0.5407,69
280,261,R,C,-0.5401,47
343,324,P,S,-0.5398,4
73,54,S,T,-0.5396,71
401,382,N,E,-0.5389,63
102,83,K,*,-0.5377,27
178,159,Y,M,-0.5377,225
409,390,E,F,-0.5363,36
358,339,I,T,-0.5359,1
425,406,V,T,-0.5352,45
246,227,P,D,-0.5351,113
479,460,E,V,-0.5333,115
424,405,R,I,-0.5323,18
110,91,S,E,-0.5317,40
329,310,K,L,-0.5314,50
326,307,R,P,-0.5303,46
318,299,R,M,-0.5302,277
297,278,K,T,-0.5297,63
150,131,T,M,-0.5288,66
154,135,K,M,-0.5272,114
112,93,A,S,-0.5264,81
405,386,G,K,-0.5263,46
221,202,I,T,-0.5260,63
523,504,G,F,-0.5248,23
179,160,T,*,-0.5245,167
499,480,S,T,-0.5244,38
491,472,K,E,-0.5231,100
248,229,R,F,-0.5229,73
163,144,S,Y,-0.5228,94
241,222,R,T,-0.5225,104
154,135,K,S,-0.5221,191
212,193,S,G,-0.5218,156
161,142,G,R,-0.5214,183
520,501,Q,L,-0.5213,37
111,92,R,I,-0.5213,233
34,15,L,V,-0.5208,58
425,406,V,Y,-0.5192,46
369,350,W,*,-0.5176,14
419,400,S,V,-0.5173,27
178,159,Y,D,-0.5171,239
331,312,N,E,-0.5166,53
54,35,E,A,-0.5163,112
292,273,P,T,-0.5160,4
410,391,K,G,-0.5146,67
47,28,T,I,-0.5146,6
512,493,D,R,-0.5146,47
469,450,K,S,-0.5146,58
68,49,G,P,-0.5144,43
58,39,A,S,-0.5140,70
353,334,A,M,-0.5123,98
449,430,A,L,-0.5122,41
326,307,R,V,-0.5120,50
101,82,K,E,-0.5116,157
310,291,D,G,-0.5103,94
217,198,S,I,-0.5101,207
549,530,A,E,-0.5092,6
44,25,I,R,-0.5087,50
211,192,I,A,-0.5085,182
63,44,Q,L,-0.5077,79
512,493,D,P,-0.5074,26
96,77,D,G,-0.5067,6
343,324,P,M,-0.5066,70
237,218,G,*,-0.5064,24
111,92,R,*,-0.5060,57
40,21,P,W,-0.5055,16
50,31,N,L,-0.5054,40
418,399,F,D,-0.5046,32
394,375,D,A,-0.5038,84
349,330,G,V,-0.5028,5
491,472,K,V,-0.5025,51
208,189,K,V,-0.4981,208
435,416,T,E,-0.4979,70
402,383,R,M,-0.4971,55
38,19,A,V,-0.4966,55
176,157,L,D,-0.4966,135
134,115,S,I,-0.4957,28
28,9,S,W,-0.4951,11
527,508,K,N,-0.4948,3
310,291,D,N,-0.4943,49
190,171,K,V,-0.4942,82
208,189,K,M,-0.4938,166
495,476,A,L,-0.4933,61
329,310,K,I,-0.4933,91
338,319,G,*,-0.4931,43
310,291,D,I,-0.4930,44
377,358,S,H,-0.4929,102
245,226,I,Q,-0.4925,82
406,387,K,D,-0.4921,34
102,83,K,V,-0.4916,31
329,310,K,V,-0.4910,73
472,453,K,R,-0.4902,65
407,388,T,N,-0.4901,9
326,307,R,I,-0.4901,128
169,150,R,K,-0.4900,91
69,50,E,P,-0.4895,59
515,496,L,R,-0.4888,68
454,435,H,Q,-0.4882,112
408,389,N,G,-0.4868,34
97,78,G,V,-0.4867,92
49,30,T,N,-0.4862,44
409,390,E,R,-0.4862,52
392,373,A,C,-0.4859,72
549,530,A,V,-0.4855,6
498,479,G,K,-0.4850,57
291,272,A,M,-0.4847,38
161,142,G,K,-0.4846,74
215,196,A,Q,-0.4829,44
330,311,Q,W,-0.4824,90
468,449,E,T,-0.4814,35
23,4,P,Y,-0.4810,66
50,31,N,W,-0.4805,30
409,390,E,Y,-0.4801,35
524,505,V,F,-0.4794,4
449,430,A,N,-0.4793,72
169,150,R,S,-0.4792,7
161,142,G,S,-0.4789,154
404,385,I,L,-0.4784,93
161,142,G,A,-0.4776,126
113,94,Y,*,-0.4767,3
409,390,E,P,-0.4766,58
498,479,G,F,-0.4764,33
115,96,N,G,-0.4759,31
50,31,N,F,-0.4752,55
449,430,A,T,-0.4742,95
18,-2,D,G,-0.4738,5
176,157,L,F,-0.4735,48
508,489,N,V,-0.4735,22
465,446,K,Q,-0.4729,66
178,159,Y,W,-0.4728,157
211,192,I,E,-0.4724,142
32,13,L,M,-0.4718,8
523,504,G,V,-0.4710,65
394,375,D,M,-0.4703,51
539,520,F,I,-0.4697,1
517,498,N,V,-0.4696,19
57,38,N,D,-0.4690,68
246,227,P,I,-0.4682,151
408,389,N,S,-0.4677,53
164,145,S,H,-0.4675,34
235,216,N,A,-0.4667,36
149,130,V,A,-0.4658,3
101,82,K,Q,-0.4641,52
179,160,T,Q,-0.4641,244
26,7,D,V,-0.4628,51
512,493,D,E,-0.4626,34
384,365,A,S,-0.4625,10
509,490,V,S,-0.4618,26
430,411,K,C,-0.4617,92
94,75,Q,E,-0.4612,134
283,264,K,D,-0.4612,42
310,291,D,H,-0.4611,76
506,487,D,M,-0.4607,15
218,199,S,M,-0.4606,60
299,280,E,M,-0.4601,46
154,135,K,H,-0.4599,84
360,341,N,H,-0.4583,63
69,50,E,W,-0.4582,46
295,276,K,Q,-0.4575,140
73,54,S,G,-0.4574,54
398,379,G,M,-0.4569,49
297,278,K,D,-0.4565,64
337,318,T,I,-0.4564,14
23,4,P,L,-0.4558,81
373,354,R,K,-0.4558,2
49,30,T,S,-0.4535,72
39,20,V,F,-0.4530,43
353,334,A,L,-0.4527,78
164,145,S,K,-0.4522,46
491,472,K,S,-0.4519,74
318,299,R,H,-0.4515,187
375,356,Q,W,-0.4500,50
447,428,L,M,-0.4491,124
134,115,S,F,-0.4483,2
439,420,L,M,-0.4482,118
294,275,G,K,-0.4482,57
46,27,K,T,-0.4470,76
461,442,S,D,-0.4459,69
401,382,N,R,-0.4442,68
299,280,E,D,-0.4438,115
520,501,Q,Y,-0.4434,39
81,62,G,N,-0.4433,38
378,359,E,Q,-0.4432,146
46,27,K,N,-0.4430,98
212,193,S,L,-0.4429,257
23,4,P,Q,-0.4423,65
185,166,V,M,-0.4411,5
209,190,D,*,-0.4410,35
294,275,G,T,-0.4404,105
81,62,G,D,-0.4402,67
405,386,G,C,-0.4401,36
523,504,G,Y,-0.4399,26
558,539,C,F,-0.4392,2
469,450,K,Q,-0.4391,83
217,198,S,Y,-0.4390,245
47,28,T,S,-0.4380,83
140,121,K,L,-0.4377,138
48,29,I,P,-0.4371,44
309,290,N,G,-0.4370,66
516,497,N,S,-0.4358,57
241,222,R,G,-0.4356,118
425,406,V,I,-0.4350,208
239,220,R,L,-0.4350,61
447,428,L,A,-0.4341,102
402,383,R,L,-0.4327,7
462,443,E,K,-0.4326,46
487,468,K,Y,-0.4322,47
50,31,N,Y,-0.4316,44
63,44,Q,A,-0.4307,74
352,333,G,K,-0.4301,70
512,493,D,H,-0.4301,52
48,29,I,V,-0.4294,26
363,344,E,*,-0.4293,38
298,279,S,R,-0.4280,110
26,7,D,L,-0.4277,15
20,1,Q,R,-0.4277,19
429,410,E,I,-0.4267,62
175,156,H,M,-0.4257,17
288,269,R,H,-0.4248,56
464,445,N,V,-0.4237,44
498,479,G,L,-0.4235,25
244,225,D,T,-0.4232,78
203,184,H,Q,-0.4230,8
208,189,K,I,-0.4195,151
450,431,L,I,-0.4194,70
191,172,E,D,-0.4184,77
175,156,H,Q,-0.4176,58
179,160,T,K,-0.4151,500
519,500,F,M,-0.4147,23
421,402,V,N,-0.4134,48
399,380,K,A,-0.4132,57
405,386,G,Q,-0.4128,37
495,476,A,I,-0.4122,34
425,406,V,Q,-0.4121,23
111,92,R,L,-0.4115,218
380,361,R,W,-0.4104,75
22,3,I,A,-0.4097,41
85,66,L,V,-0.4095,1
345,326,K,S,-0.4095,146
512,493,D,L,-0.4080,55
233,214,I,T,-0.4079,131
239,220,R,V,-0.4077,69
512,493,D,G,-0.4075,38
508,489,N,F,-0.4075,36
242,223,I,L,-0.4071,76
425,406,V,L,-0.4068,46
134,115,S,Y,-0.4068,12
292,273,P,K,-0.4062,64
350,331,I,M,-0.4061,62
40,21,P,F,-0.4060,85
44,25,I,K,-0.4047,50
383,364,A,S,-0.4039,146
49,30,T,V,-0.4038,45
248,229,R,G,-0.4014,74
454,435,H,E,-0.4003,140
29,10,T,F,-0.3993,8
67,48,I,Q,-0.3973,71
108,89,E,*,-0.3972,14
233,214,I,Y,-0.3972,69
444,425,A,T,-0.3954,6
523,504,G,T,-0.3953,42
467,448,F,Y,-0.3952,85
291,272,A,E,-0.3950,2
529,510,G,R,-0.3949,5
22,3,I,T,-0.3948,40
192,173,Q,L,-0.3939,45
533,514,W,L,-0.3929,15
141,122,N,I,-0.3925,168
316,297,V,L,-0.3924,76
469,450,K,T,-0.3909,59
411,392,F,W,-0.3904,39
93,74,P,S,-0.3904,6
216,197,Q,N,-0.3902,133
472,453,K,I,-0.3901,64
69,50,E,N,-0.3890,55
113,94,Y,D,-0.3890,48
294,275,G,R,-0.3884,122
536,517,W,L,-0.3880,29
143,124,S,W,-0.3880,71
187,168,M,I,-0.3880,47
24,5,G,Q,-0.3878,88
299,280,E,Q,-0.3873,82
457,438,D,A,-0.3855,73
176,157,L,Y,-0.3853,106
147,128,A,F,-0.3845,21
157,138,S,A,-0.3844,176
399,380,K,Q,-0.3844,47
512,493,D,Y,-0.3841,76
22,3,I,Q,-0.3835,33
326,307,R,W,-0.3833,77
418,399,F,W,-0.3823,34
216,197,Q,A,-0.3816,94
377,358,S,V,-0.3810,138
26,7,D,Q,-0.3805,38
69,50,E,C,-0.3788,62
94,75,Q,K,-0.3783,31
227,208,R,G,-0.3780,102
92,73,D,A,-0.3779,125
394,375,D,H,-0.3777,111
468,449,E,Q,-0.3770,57
387,368,K,D,-0.3767,117
437,418,I,T,-0.3763,76
522,503,K,H,-0.3743,47
378,359,E,D,-0.3727,198
380,361,R,L,-0.3725,45
233,214,I,R,-0.3724,82
138,119,E,*,-0.3724,27
208,189,K,Y,-0.3720,96
245,226,I,V,-0.3718,75
298,279,S,I,-0.3717,137
208,189,K,S,-0.3713,93
23,4,P,M,-0.3706,68
208,189,K,G,-0.3706,60
150,131,T,Q,-0.3700,85
232,213,V,I,-0.3698,181
298,279,S,Y,-0.3698,124
178,159,Y,K,-0.3686,292
318,299,R,T,-0.3686,138
398,379,G,K,-0.3676,38
40,21,P,K,-0.3673,33
510,491,Y,W,-0.3673,28
190,171,K,I,-0.3668,58
346,327,Q,N,-0.3664,103
458,439,L,A,-0.3662,78
217,198,S,*,-0.3661,126
80,61,G,*,-0.3661,34
390,371,Q,A,-0.3659,57
408,389,N,T,-0.3658,61
57,38,N,G,-0.3657,54
522,503,K,M,-0.3638,75
398,379,G,W,-0.3628,66
432,413,V,T,-0.3626,54
347,328,T,P,-0.3620,136
129,110,S,*,-0.3620,13
420,401,E,T,-0.3612,49
423,404,G,P,-0.3606,52
559,540,Q,K,-0.3603,27
178,159,Y,*,-0.3600,190
330,311,Q,M,-0.3596,6
164,145,S,T,-0.3593,60
329,310,K,T,-0.3591,54
51,32,D,M,-0.3588,32
469,450,K,A,-0.3587,62
233,214,I,H,-0.3585,80
302,283,T,S,-0.3569,56
308,289,P,A,-0.3569,51
495,476,A,S,-0.3568,60
50,31,N,D,-0.3559,54
363,344,E,G,-0.3558,9
183,164,L,I,-0.3551,128
64,45,N,R,-0.3548,19
517,498,N,R,-0.3543,43
402,383,R,*,-0.3541,16
73,54,S,A,-0.3538,32
241,222,R,N,-0.3535,30
472,453,K,D,-0.3531,74
395,376,Q,Y,-0.3528,64
405,386,G,N,-0.3528,64
458,439,L,W,-0.3527,52
297,278,K,A,-0.3525,37
248,229,R,I,-0.3523,24
211,192,I,F,-0.3522,354
65,46,S,Y,-0.3520,56
94,75,Q,S,-0.3513,222
202,183,H,P,-0.3506,1
131,112,V,I,-0.3504,41
557,538,A,V,-0.3495,21
57,38,N,I,-0.3494,1
23,4,P,H,-0.3482,118
46,27,K,H,-0.3482,91
523,504,G,H,-0.3482,28
468,449,E,S,-0.3480,49
241,222,R,P,-0.3480,62
390,371,Q,T,-0.3471,65
405,386,G,W,-0.3464,35
439,420,L,I,-0.3463,109
520,501,Q,W,-0.3459,44
308,289,P,T,-0.3449,18
30,11,A,S,-0.3448,9
182,163,A,D,-0.3448,160
75,56,H,W,-0.3446,66
81,62,G,Q,-0.3445,40
216,197,Q,C,-0.3433,74
226,207,K,M,-0.3432,93
102,83,K,H,-0.3430,110
224,205,S,Y,-0.3427,4
298,279,S,K,-0.3426,92
101,82,K,R,-0.3426,109
380,361,R,N,-0.3420,96
331,312,N,Q,-0.3411,121
56,37,T,I,-0.3408,98
203,184,H,N,-0.3406,282
295,276,K,S,-0.3396,113
449,430,A,S,-0.3395,67
243,224,R,K,-0.3394,143
233,214,I,D,-0.3392,9
247,228,S,A,-0.3389,52
410,391,K,H,-0.3387,48
346,327,Q,R,-0.3382,91
297,278,K,L,-0.3382,55
450,431,L,M,-0.3381,177
402,383,R,Q,-0.3378,11
523,504,G,I,-0.3377,34
241,222,R,S,-0.3376,91
401,382,N,A,-0.3374,60
218,199,S,G,-0.3373,54
110,91,S,N,-0.3369,218
307,288,I,M,-0.3367,129
371,352,G,V,-0.3366,4
250,231,S,T,-0.3365,83
557,538,A,G,-0.3365,3
329,310,K,N,-0.3359,117
506,487,D,N,-0.3354,30
208,189,K,D,-0.3352,83
536,517,W,C,-0.3351,8
294,275,G,S,-0.3345,46
380,361,R,G,-0.3334,121
491,472,K,M,-0.3333,56
288,269,R,L,-0.3331,52
27,8,N,V,-0.3326,47
22,3,I,F,-0.3324,90
421,402,V,F,-0.3323,64
499,480,S,Q,-0.3321,41
66,47,S,A,-0.3317,64
407,388,T,E,-0.3314,26
394,375,D,Q,-0.3308,49
462,443,E,V,-0.3296,53
192,173,Q,E,-0.3295,54
447,428,L,V,-0.3290,105
513,494,E,I,-0.3285,33
266,247,S,G,-0.3277,9
50,31,N,T,-0.3277,42
326,307,R,T,-0.3275,95
309,290,N,V,-0.3271,58
386,367,L,V,-0.3267,59
292,273,P,S,-0.3265,2
105,86,L,I,-0.3263,119
66,47,S,G,-0.3263,86
310,291,D,T,-0.3261,38
158,139,C,*,-0.3256,2
318,299,R,K,-0.3252,142
343,324,P,H,-0.3250,75
23,4,P,K,-0.3248,81
246,227,P,N,-0.3245,64
318,299,R,Q,-0.3243,110
501,482,R,T,-0.3238,67
428,409,L,V,-0.3224,40
491,472,K,P,-0.3224,45
333,314,L,M,-0.3223,25
491,472,K,Y,-0.3219,70
463,444,M,I,-0.3218,11
386,367,L,K,-0.3218,85
226,207,K,T,-0.3206,103
495,476,A,G,-0.3203,51
522,503,K,S,-0.3188,69
350,331,I,F,-0.3187,64
25,6,N,R,-0.3186,79
540,521,A,S,-0.3181,11
262,243,L,I,-0.3176,4
417,398,E,S,-0.3176,46
241,222,R,Y,-0.3173,116
22,3,I,W,-0.3172,21
244,225,D,N,-0.3168,141
76,57,Q,F,-0.3158,127
531,512,K,R,-0.3158,3
111,92,R,M,-0.3155,169
522,503,K,V,-0.3152,55
394,375,D,G,-0.3145,108
147,128,A,M,-0.3142,39
362,343,W,*,-0.3140,5
499,480,S,M,-0.3137,28
217,198,S,L,-0.3122,319
163,144,S,N,-0.3108,150
23,4,P,A,-0.3100,83
424,405,R,*,-0.3094,2
190,171,K,M,-0.3083,56
342,323,V,N,-0.3083,57
434,415,D,N,-0.3082,1
125,106,A,I,-0.3081,87
162,143,S,Y,-0.3072,19
346,327,Q,E,-0.3070,78
407,388,T,Y,-0.3068,70
37,18,H,Y,-0.3068,80
26,7,D,F,-0.3065,37
208,189,K,N,-0.3062,295
320,301,T,S,-0.3053,183
420,401,E,Y,-0.3037,44
386,367,L,F,-0.3036,109
76,57,Q,H,-0.3034,176
65,46,S,I,-0.3030,69
525,506,E,D,-0.3029,6
57,38,N,E,-0.3028,96
372,353,F,W,-0.3018,86
421,402,V,Q,-0.3007,62
377,358,S,N,-0.3004,98
40,21,P,L,-0.2987,81
520,501,Q,V,-0.2985,36
464,445,N,G,-0.2983,36
471,452,K,R,-0.2981,73
395,376,Q,E,-0.2966,121
365,346,M,I,-0.2961,22
347,328,T,D,-0.2960,134
369,350,W,L,-0.2960,23
41,22,N,D,-0.2959,62
217,198,S,A,-0.2950,158
26,7,D,K,-0.2946,30
205,186,G,W,-0.2935,23
423,404,G,E,-0.2931,1
161,142,G,Q,-0.2929,46
72,53,D,N,-0.2928,61
66,47,S,Y,-0.2927,109
86,67,I,M,-0.2925,115
164,145,S,N,-0.2920,78
133,114,S,K,-0.2920,37
26,7,D,Y,-0.2918,37
157,138,S,*,-0.2917,97
38,19,A,T,-0.2908,124
212,193,S,R,-0.2887,211
39,20,V,L,-0.2886,6
508,489,N,S,-0.2876,29
125,106,A,Q,-0.2875,36
111,92,R,E,-0.2874,120
487,468,K,T,-0.2869,60
343,324,P,N,-0.2861,31
503,484,E,D,-0.2851,39
508,489,N,K,-0.2847,40
24,5,G,Y,-0.2845,48
194,175,D,T,-0.2845,146
192,173,Q,G,-0.2844,55
154,135,K,G,-0.2838,116
419,400,S,T,-0.2831,46
373,354,R,M,-0.2831,146
436,417,K,T,-0.2815,68
380,361,R,S,-0.2812,119
516,497,N,T,-0.2812,56
154,135,K,R,-0.2805,107
283,264,K,R,-0.2795,42
448,429,V,I,-0.2789,1
236,217,I,V,-0.2781,43
526,507,L,Q,-0.2768,1
176,157,L,H,-0.2759,62
360,341,N,Y,-0.2758,180
380,361,R,M,-0.2751,103
106,87,F,Y,-0.2751,106
398,379,G,R,-0.2747,52
25,6,N,G,-0.2747,44
115,96,N,A,-0.2745,44
422,403,E,Q,-0.2741,95
308,289,P,S,-0.2739,90
330,311,Q,H,-0.2738,217
421,402,V,S,-0.2732,90
308,289,P,H,-0.2728,106
329,310,K,R,-0.2725,41
420,401,E,D,-0.2724,49
212,193,S,H,-0.2723,149
347,328,T,V,-0.2713,97
461,442,S,Y,-0.2711,49
417,398,E,G,-0.2710,1
498,479,G,W,-0.2705,57
343,324,P,Q,-0.2697,96
23,4,P,D,-0.2689,58
41,22,N,H,-0.2681,23
94,75,Q,A,-0.2680,177
246,227,P,V,-0.2680,44
75,56,H,L,-0.2675,90
233,214,I,W,-0.2666,48
67,48,I,R,-0.2666,83
64,45,N,G,-0.2664,66
398,379,G,P,-0.2663,18
419,400,S,C,-0.2662,40
51,32,D,H,-0.2660,54
233,214,I,S,-0.2659,103
230,211,Q,H,-0.2652,1
63,44,Q,Y,-0.2650,41
150,131,T,K,-0.2650,133
65,46,S,L,-0.2636,45
233,214,I,F,-0.2635,101
26,7,D,M,-0.2635,38
388,369,S,A,-0.2629,96
162,143,S,M,-0.2628,58
73,54,S,Y,-0.2626,111
50,31,N,M,-0.2619,25
215,196,A,S,-0.2619,67
421,402,V,L,-0.2615,37
487,468,K,R,-0.2605,92
22,3,I,N,-0.2598,71
233,214,I,A,-0.2596,58
67,48,I,V,-0.2595,73
216,197,Q,*,-0.2594,98
473,454,Q,S,-0.2589,62
352,333,G,R,-0.2589,66
560,541,K,N,-0.2589,3
523,504,G,R,-0.2584,66
516,497,N,Q,-0.2583,61
495,476,A,F,-0.2571,56
397,378,N,H,-0.2570,34
52,33,R,L,-0.2570,96
192,173,Q,I,-0.2563,46
50,31,N,V,-0.2553,49
429,410,E,M,-0.2551,109
446,427,L,M,-0.2550,188
63,44,Q,H,-0.2544,87
341,322,N,Y,-0.2544,1
185,166,V,A,-0.2539,102
317,298,N,H,-0.2525,58
435,416,T,A,-0.2524,64
246,227,P,L,-0.2520,1
400,381,L,W,-0.2518,80
134,115,S,L,-0.2517,67
403,384,L,W,-0.2517,62
421,402,V,W,-0.2513,33
539,520,F,V,-0.2509,6
330,311,Q,K,-0.2509,114
522,503,K,D,-0.2497,43
44,25,I,M,-0.2494,79
280,261,R,H,-0.2494,213
420,401,E,L,-0.2490,35
318,299,R,S,-0.2472,177
344,325,E,S,-0.2469,97
205,186,G,D,-0.2458,187
475,456,R,M,-0.2453,72
401,382,N,K,-0.2451,71
347,328,T,G,-0.2448,77
102,83,K,N,-0.2443,156
508,489,N,R,-0.2439,44
219,200,G,S,-0.2431,64
208,189,K,F,-0.2429,105
238,219,S,Y,-0.2410,149
481,462,M,I,-0.2409,138
345,326,K,F,-0.2403,128
56,37,T,V,-0.2400,59
330,311,Q,T,-0.2397,145
178,159,Y,S,-0.2386,553
326,307,R,S,-0.2385,77
192,173,Q,Y,-0.2376,49
508,489,N,Y,-0.2376,47
150,131,T,S,-0.2376,216
234,215,P,S,-0.2374,127
420,401,E,V,-0.2366,28
241,222,R,H,-0.2365,60
334,315,K,L,-0.2365,12
234,215,P,V,-0.2364,57
495,476,A,Y,-0.2362,24
205,186,G,M,-0.2357,78
27,8,N,M,-0.2355,90
43,24,T,V,-0.2354,54
27,8,N,H,-0.2345,54
205,186,G,F,-0.2338,17
323,304,A,F,-0.2328,58
420,401,E,F,-0.2320,56
495,476,A,M,-0.2317,63
403,384,L,I,-0.2313,74
509,490,V,A,-0.2312,40
405,386,G,V,-0.2312,26
345,326,K,H,-0.2311,98
517,498,N,Y,-0.2311,28
386,367,L,M,-0.2305,108
164,145,S,E,-0.2305,52
150,131,T,N,-0.2303,298
28,9,S,M,-0.2303,36
57,38,N,M,-0.2297,115
190,171,K,S,-0.2291,124
65,46,S,V,-0.2282,55
73,54,S,M,-0.2280,112
118,99,P,S,-0.2278,2
388,369,S,H,-0.2272,87
522,503,K,E,-0.2269,46
278,259,K,P,-0.2268,49
520,501,Q,F,-0.2263,64
239,220,R,A,-0.2260,79
473,454,Q,A,-0.2258,53
133,114,S,M,-0.2256,27
390,371,Q,N,-0.2253,54
449,430,A,G,-0.2247,1
52,33,R,A,-0.2241,37
307,288,I,L,-0.2230,84
512,493,D,M,-0.2229,33
229,210,Q,E,-0.2224,122
178,159,Y,F,-0.2217,278
52,33,R,G,-0.2217,76
65,46,S,D,-0.2216,51
102,83,K,S,-0.2210,167
211,192,I,H,-0.2205,185
380,361,R,Q,-0.2203,87
24,5,G,R,-0.2201,135
257,238,K,R,-0.2200,77
208,189,K,T,-0.2197,118
27,8,N,P,-0.2197,53
348,329,R,K,-0.2195,120
72,53,D,A,-0.2193,43
193,174,F,H,-0.2191,125
161,142,G,H,-0.2190,64
22,3,I,D,-0.2188,44
57,38,N,K,-0.2187,130
461,442,S,W,-0.2187,36
59,40,T,A,-0.2184,66
495,476,A,K,-0.2176,35
552,533,G,V,-0.2176,8
22,3,I,G,-0.2175,38
509,490,V,N,-0.2173,19
472,453,K,H,-0.2166,55
23,4,P,W,-0.2164,55
342,323,V,T,-0.2164,47
437,418,I,V,-0.2154,70
497,478,I,M,-0.2152,211
522,503,K,Y,-0.2146,62
319,300,I,D,-0.2138,135
211,192,I,R,-0.2137,213
401,382,N,D,-0.2135,110
311,292,K,R,-0.2134,178
81,62,G,*,-0.2131,7
227,208,R,K,-0.2129,107
212,193,S,E,-0.2118,123
49,30,T,K,-0.2114,63
78,59,L,I,-0.2114,148
27,8,N,S,-0.2113,38
27,8,N,R,-0.2113,65
41,22,N,S,-0.2111,73
375,356,Q,V,-0.2109,60
382,363,Q,Y,-0.2105,64
472,453,K,V,-0.2105,50
517,498,N,K,-0.2096,48
260,241,D,E,-0.2096,4
43,24,T,M,-0.2095,58
355,336,A,S,-0.2095,9
64,45,N,D,-0.2092,74
386,367,L,E,-0.2090,77
326,307,R,F,-0.2081,66
147,128,A,P,-0.2079,57
475,456,R,S,-0.2078,76
410,391,K,Q,-0.2070,91
391,372,A,E,-0.2068,70
218,199,S,V,-0.2063,35
331,312,N,Y,-0.2060,79
399,380,K,G,-0.2058,39
515,496,L,V,-0.2055,54
26,7,D,T,-0.2052,65
51,32,D,N,-0.2048,38
51,32,D,G,-0.2044,60
208,189,K,L,-0.2043,86
387,368,K,Y,-0.2038,114
69,50,E,S,-0.2038,103
59,40,T,E,-0.2037,30
59,40,T,F,-0.2027,62
198,179,I,V,-0.2024,151
190,171,K,A,-0.2021,58
280,261,R,F,-0.2020,75
205,186,G,Y,-0.2019,31
176,157,L,E,-0.2019,89
98,79,F,V,-0.2013,5
465,446,K,A,-0.2013,39
50,31,N,R,-0.1991,39
487,468,K,H,-0.1990,75
412,393,H,N,-0.1989,34
65,46,S,G,-0.1983,105
516,497,N,M,-0.1982,61
233,214,I,K,-0.1981,67
176,157,L,A,-0.1975,72
27,8,N,T,-0.1971,29
519,500,F,Y,-0.1961,62
522,503,K,N,-0.1957,88
298,279,S,Q,-0.1951,64
491,472,K,A,-0.1944,45
316,297,V,I,-0.1943,83
20,1,Q,K,-0.1942,4
522,503,K,G,-0.1942,49
67,48,I,P,-0.1942,72
435,416,T,C,-0.1940,39
105,86,L,V,-0.1939,59
386,367,L,A,-0.1934,65
72,53,D,E,-0.1934,94
330,311,Q,C,-0.1930,57
413,394,Q,G,-0.1925,32
175,156,H,S,-0.1925,87
23,4,P,T,-0.1918,59
239,220,R,T,-0.1910,76
510,491,Y,F,-0.1907,13
456,437,I,V,-0.1906,43
110,91,S,R,-0.1906,6
405,386,G,F,-0.1905,65
23,4,P,S,-0.1904,99
154,135,K,T,-0.1901,345
29,10,T,C,-0.1901,11
522,503,K,L,-0.1899,39
520,501,Q,P,-0.1898,31
323,304,A,G,-0.1885,2
299,280,E,S,-0.1882,70
509,490,V,M,-0.1876,44
40,21,P,S,-0.1873,83
347,328,T,M,-0.1855,129
192,173,Q,*,-0.1843,1
407,388,T,A,-0.1838,43
73,54,S,N,-0.1831,109
73,54,S,K,-0.1826,51
387,368,K,F,-0.1820,117
178,159,Y,Q,-0.1815,200
24,5,G,M,-0.1804,108
217,198,S,D,-0.1802,110
211,192,I,K,-0.1801,201
182,163,A,F,-0.1797,123
520,501,Q,A,-0.1788,29
53,34,I,T,-0.1784,77
398,379,G,V,-0.1775,30
133,114,S,R,-0.1763,35
406,387,K,T,-0.1760,60
472,453,K,G,-0.1759,37
24,5,G,E,-0.1754,87
65,46,S,R,-0.1751,36
508,489,N,H,-0.1749,37
72,53,D,S,-0.1749,75
291,272,A,L,-0.1747,46
65,46,S,Q,-0.1744,43
432,413,V,M,-0.1743,55
520,501,Q,T,-0.1741,80
310,291,D,E,-0.1740,51
556,537,W,L,-0.1719,47
28,9,S,A,-0.1717,25
460,441,D,A,-0.1713,42
330,311,Q,R,-0.1705,230
182,163,A,I,-0.1701,109
190,171,K,E,-0.1700,44
283,264,K,Q,-0.1700,71
347,328,T,A,-0.1696,63
401,382,N,T,-0.1694,60
75,56,H,F,-0.1692,93
520,501,Q,K,-0.1692,72
391,372,A,D,-0.1692,36
299,280,E,P,-0.1687,19
495,476,A,V,-0.1685,64
421,402,V,T,-0.1683,44
419,400,S,D,-0.1680,63
330,311,Q,F,-0.1674,74
344,325,E,D,-0.1668,105
425,406,V,M,-0.1662,39
487,468,K,L,-0.1660,91
222,203,T,S,-0.1658,136
342,323,V,S,-0.1654,33
102,83,K,E,-0.1648,145
52,33,R,D,-0.1646,43
45,26,V,I,-0.1643,86
345,326,K,V,-0.1634,88
257,238,K,Q,-0.1632,70
96,77,D,E,-0.1629,120
231,212,A,G,-0.1624,1
422,403,E,A,-0.1624,64
176,157,L,V,-0.1623,1
118,99,P,A,-0.1610,1
427,408,D,E,-0.1602,5
150,131,T,R,-0.1601,129
15,-5,T,I,-0.1599,1
367,348,D,N,-0.1597,3
402,383,R,A,-0.1597,66
363,344,E,S,-0.1597,97
420,401,E,N,-0.1595,41
516,497,N,Y,-0.1594,49
52,33,R,*,-0.1593,6
53,34,I,E,-0.1593,55
459,440,T,F,-0.1590,84
40,21,P,H,-0.1588,54
134,115,S,M,-0.1586,57
22,3,I,P,-0.1583,41
347,328,T,Q,-0.1583,83
178,159,Y,R,-0.1576,399
222,203,T,Q,-0.1574,60
29,10,T,D,-0.1571,10
516,497,N,R,-0.1564,52
192,173,Q,H,-0.1554,76
46,27,K,S,-0.1550,54
512,493,D,K,-0.1550,39
176,157,L,N,-0.1545,91
235,216,N,Y,-0.1545,113
51,32,D,Q,-0.1541,53
299,280,E,T,-0.1534,68
298,279,S,E,-0.1534,114
205,186,G,N,-0.1533,137
25,6,N,T,-0.1520,88
120,101,D,V,-0.1519,80
94,75,Q,N,-0.1505,220
508,489,N,D,-0.1499,54
24,5,G,L,-0.1495,58
241,222,R,L,-0.1494,111
217,198,S,Q,-0.1487,187
73,54,S,H,-0.1482,81
495,476,A,H,-0.1477,64
397,378,N,R,-0.1471,33
76,57,Q,D,-0.1468,45
25,6,N,K,-0.1465,88
69,50,E,F,-0.1464,78
462,443,E,Y,-0.1462,50
409,390,E,L,-0.1458,42
287,268,M,I,-0.1454,173
345,326,K,T,-0.1453,136
291,272,A,V,-0.1449,23
546,527,L,R,-0.1446,1
208,189,K,R,-0.1445,144
25,6,N,A,-0.1443,41
298,279,S,H,-0.1442,114
522,503,K,Q,-0.1439,85
491,472,K,Q,-0.1438,103
176,157,L,M,-0.1438,91
516,497,N,K,-0.1435,76
163,144,S,T,-0.1433,161
220,201,R,E,-0.1430,53
345,326,K,Y,-0.1430,131
182,163,A,P,-0.1430,67
42,23,G,*,-0.1429,36
422,403,E,D,-0.1428,5
143,124,S,G,-0.1425,136
402,383,R,G,-0.1425,70
346,327,Q,T,-0.1424,94
327,308,Y,F,-0.1422,167
419,400,S,H,-0.1421,48
233,214,I,M,-0.1417,115
468,449,E,I,-0.1412,32
345,326,K,A,-0.1411,109
184,165,N,E,-0.1409,74
402,383,R,T,-0.1407,46
386,367,L,R,-0.1404,99
281,262,S,I,-0.1402,7
395,376,Q,T,-0.1400,145
237,218,G,D,-0.1397,91
544,525,F,L,-0.1388,19
49,30,T,I,-0.1388,85
429,410,E,D,-0.1387,5
523,504,G,E,-0.1386,64
66,47,S,F,-0.1385,102
428,409,L,I,-0.1366,79
218,199,S,D,-0.1362,74
515,496,L,F,-0.1361,88
26,7,D,I,-0.1360,35
218,199,S,Y,-0.1356,101
220,201,R,W,-0.1349,79
76,57,Q,A,-0.1348,67
133,114,S,N,-0.1345,38
498,479,G,R,-0.1343,25
41,22,N,Y,-0.1343,50
279,260,I,M,-0.1336,138
108,89,E,V,-0.1336,3
250,231,S,D,-0.1333,78
390,371,Q,R,-0.1333,73
395,376,Q,I,-0.1331,84
380,361,R,A,-0.1324,87
111,92,R,Q,-0.1322,187
59,40,T,V,-0.1318,29
395,376,Q,L,-0.1316,83
301,282,I,H,-0.1289,70
65,46,S,H,-0.1287,46
407,388,T,V,-0.1283,50
408,389,N,Q,-0.1281,46
393,374,I,E,-0.1278,88
40,21,P,R,-0.1274,49
430,411,K,R,-0.1267,91
516,497,N,V,-0.1265,31
346,327,Q,H,-0.1265,1
447,428,L,I,-0.1263,111
377,358,S,Y,-0.1257,103
420,401,E,W,-0.1246,30
354,335,I,M,-0.1244,78
190,171,K,T,-0.1243,198
51,32,D,A,-0.1243,52
103,84,W,F,-0.1242,72
377,358,S,F,-0.1240,59
233,214,I,L,-0.1239,107
246,227,P,G,-0.1238,63
69,50,E,H,-0.1237,58
391,372,A,H,-0.1235,51
125,106,A,T,-0.1235,75
398,379,G,N,-0.1231,72
410,391,K,M,-0.1230,51
89,70,L,I,-0.1229,177
280,261,R,V,-0.1229,115
151,132,Q,E,-0.1224,142
81,62,G,E,-0.1219,240
353,334,A,S,-0.1216,123
428,409,L,F,-0.1207,2
394,375,D,T,-0.1207,100
358,339,I,V,-0.1206,6
334,315,K,R,-0.1202,95
27,8,N,W,-0.1202,49
217,198,S,M,-0.1197,183
295,276,K,H,-0.1194,101
65,46,S,F,-0.1193,61
421,402,V,M,-0.1193,43
512,493,D,A,-0.1191,39
65,46,S,M,-0.1185,50
281,262,S,G,-0.1181,99
523,504,G,A,-0.1178,29
375,356,Q,H,-0.1165,143
295,276,K,N,-0.1163,131
382,363,Q,F,-0.1157,68
162,143,S,H,-0.1155,24
503,484,E,N,-0.1155,24
50,31,N,K,-0.1154,78
523,504,G,M,-0.1147,63
133,114,S,T,-0.1146,56
94,75,Q,L,-0.1137,238
154,135,K,N,-0.1136,252
133,114,S,H,-0.1133,44
387,368,K,L,-0.1130,94
125,106,A,M,-0.1129,66
308,289,P,L,-0.1127,1
411,392,F,S,-0.1126,49
49,30,T,H,-0.1123,52
143,124,S,L,-0.1117,68
337,318,T,V,-0.1098,41
76,57,Q,M,-0.1096,84
315,296,N,S,-0.1095,71
442,423,Y,F,-0.1086,41
218,199,S,N,-0.1083,71
94,75,Q,G,-0.1082,170
464,445,N,L,-0.1072,26
449,430,A,Q,-0.1070,62
41,22,N,T,-0.1068,61
37,18,H,I,-0.1067,67
283,264,K,A,-0.1066,32
548,529,V,I,-0.1066,18
386,367,L,I,-0.1065,105
397,378,N,E,-0.1060,18
461,442,S,Q,-0.1058,57
334,315,K,I,-0.1057,1
285,266,S,T,-0.1051,81
419,400,S,I,-0.1048,50
520,501,Q,D,-0.1046,26
294,275,G,V,-0.1041,93
205,186,G,K,-0.1037,71
22,3,I,K,-0.1033,39
401,382,N,S,-0.1030,52
51,32,D,E,-0.1028,76
509,490,V,H,-0.1025,20
69,50,E,M,-0.1016,83
240,221,P,T,-0.1010,64
522,503,K,T,-0.1009,39
398,379,G,Q,-0.1008,61
40,21,P,I,-0.1008,65
464,445,N,E,-0.1004,40
458,439,L,V,-0.1000,70
284,265,S,A,-0.0997,55
52,33,R,Q,-0.0994,80
559,540,Q,H,-0.0992,13
217,198,S,H,-0.0991,95
288,269,R,G,-0.0989,7
417,398,E,D,-0.0985,63
352,333,G,T,-0.0985,75
123,104,D,H,-0.0983,106
30,11,A,V,-0.0978,38
472,453,K,S,-0.0978,31
375,356,Q,Y,-0.0977,80
218,199,S,*,-0.0977,8
65,46,S,N,-0.0972,79
288,269,R,Q,-0.0971,73
99,80,Q,A,-0.0960,110
25,6,N,Q,-0.0952,57
114,95,S,N,-0.0952,3
193,174,F,Y,-0.0950,134
380,361,R,V,-0.0949,77
190,171,K,Y,-0.0944,142
395,376,Q,S,-0.0942,40
190,171,K,R,-0.0941,109
531,512,K,E,-0.0935,2
67,48,I,M,-0.0928,15
431,412,Y,M,-0.0924,54
57,38,N,Q,-0.0923,113
52,33,R,Y,-0.0921,58
400,381,L,V,-0.0920,60
516,497,N,L,-0.0916,37
67,48,I,Y,-0.0913,46
52,33,R,I,-0.0912,49
387,368,K,E,-0.0910,143
405,386,G,A,-0.0904,68
208,189,K,Q,-0.0904,123
113,94,Y,W,-0.0898,59
121,102,V,I,-0.0893,113
76,57,Q,S,-0.0893,65
141,122,N,L,-0.0892,108
392,373,A,T,-0.0887,90
383,364,A,V,-0.0884,123
342,323,V,C,-0.0884,28
410,391,K,N,-0.0882,77
345,326,K,M,-0.0878,37
450,431,L,V,-0.0874,109
388,369,S,C,-0.0867,2
211,192,I,V,-0.0864,211
102,83,K,R,-0.0864,294
343,324,P,R,-0.0861,106
59,40,T,S,-0.0851,1
164,145,S,G,-0.0851,48
520,501,Q,H,-0.0846,55
211,192,I,Y,-0.0845,308
395,376,Q,V,-0.0844,75
65,46,S,T,-0.0837,49
205,186,G,C,-0.0837,135
289,270,S,T,-0.0830,171
380,361,R,Y,-0.0830,50
51,32,D,S,-0.0829,43
529,510,G,V,-0.0826,8
297,278,K,N,-0.0818,121
419,400,S,A,-0.0805,83
433,414,E,K,-0.0802,2
509,490,V,I,-0.0801,34
163,144,S,G,-0.0795,150
235,216,N,M,-0.0792,158
380,361,R,F,-0.0791,61
514,495,A,S,-0.0789,3
76,57,Q,E,-0.0788,70
413,394,Q,H,-0.0780,90
331,312,N,D,-0.0778,62
226,207,K,N,-0.0776,1
76,57,Q,I,-0.0765,87
545,526,L,I,-0.0763,33
24,5,G,D,-0.0763,94
419,400,S,Y,-0.0762,46
386,367,L,W,-0.0762,39
228,209,S,T,-0.0760,109
386,367,L,Y,-0.0759,80
24,5,G,A,-0.0758,52
43,24,T,K,-0.0755,53
211,192,I,L,-0.0754,405
495,476,A,Q,-0.0753,46
280,261,R,L,-0.0749,292
498,479,G,T,-0.0745,38
387,368,K,Q,-0.0737,120
278,259,K,R,-0.0737,134
21,2,K,N,-0.0732,8
211,192,I,Q,-0.0722,107
28,9,S,I,-0.0715,93
297,278,K,V,-0.0713,78
280,261,R,Y,-0.0713,172
218,199,S,I,-0.0713,145
343,324,P,A,-0.0713,55
98,79,F,I,-0.0713,83
465,446,K,H,-0.0710,38
28,9,S,H,-0.0709,26
238,219,S,D,-0.0701,74
465,446,K,S,-0.0697,70
129,110,S,A,-0.0696,113
140,121,K,W,-0.0696,87
63,44,Q,I,-0.0693,32
516,497,N,I,-0.0680,61
326,307,R,H,-0.0680,50
31,12,T,M,-0.0680,54
346,327,Q,A,-0.0679,99
523,504,G,P,-0.0678,17
516,497,N,E,-0.0677,61
473,454,Q,T,-0.0672,56
422,403,E,M,-0.0664,73
481,462,M,L,-0.0660,42
253,234,W,H,-0.0656,143
23,4,P,N,-0.0654,110
67,48,I,T,-0.0652,67
125,106,A,N,-0.0651,66
20,1,Q,H,-0.0648,11
363,344,E,C,-0.0647,99
231,212,A,S,-0.0638,8
354,335,I,V,-0.0637,45
423,404,G,R,-0.0637,7
217,198,S,G,-0.0634,165
147,128,A,D,-0.0632,80
244,225,D,E,-0.0616,87
301,282,I,V,-0.0607,61
28,9,S,V,-0.0601,10
163,144,S,D,-0.0599,130
218,199,S,T,-0.0599,68
395,376,Q,H,-0.0598,112
179,160,T,S,-0.0595,536
342,323,V,W,-0.0593,49
380,361,R,H,-0.0591,77
263,244,L,C,-0.0588,107
34,15,L,I,-0.0585,97
375,356,Q,F,-0.0584,99
400,381,L,Y,-0.0584,22
217,198,S,N,-0.0582,203
515,496,L,M,-0.0581,59
392,373,A,I,-0.0577,39
281,262,S,A,-0.0576,49
419,400,S,R,-0.0571,26
43,24,T,A,-0.0570,66
41,22,N,E,-0.0567,36
363,344,E,T,-0.0567,55
162,143,S,T,-0.0564,43
330,311,Q,S,-0.0561,257
461,442,S,T,-0.0561,32
190,171,K,Q,-0.0554,144
205,186,G,T,-0.0547,27
297,278,K,E,-0.0544,66
396,377,I,L,-0.0543,65
29,10,T,A,-0.0538,18
154,135,K,V,-0.0538,111
138,119,E,D,-0.0538,5
520,501,Q,N,-0.0536,35
212,193,S,N,-0.0536,219
487,468,K,M,-0.0530,86
359,340,E,K,-0.0527,3
346,327,Q,S,-0.0526,101
261,242,I,D,-0.0524,89
162,143,S,D,-0.0523,45
227,208,R,A,-0.0518,72
162,143,S,Q,-0.0516,21
162,143,S,N,-0.0511,42
145,126,N,D,-0.0505,107
468,449,E,M,-0.0503,41
218,199,S,K,-0.0497,84
101,82,K,V,-0.0487,138
57,38,N,A,-0.0480,50
233,214,I,V,-0.0480,43
419,400,S,E,-0.0472,50
23,4,P,R,-0.0472,76
409,390,E,V,-0.0469,130
164,145,S,I,-0.0468,4
40,21,P,V,-0.0461,48
152,133,N,D,-0.0461,73
508,489,N,E,-0.0451,58
413,394,Q,A,-0.0443,38
140,121,K,*,-0.0436,40
235,216,N,S,-0.0433,104
521,502,I,V,-0.0432,41
386,367,L,H,-0.0430,209
100,81,N,G,-0.0430,91
53,34,I,Q,-0.0429,49
49,30,T,A,-0.0428,32
25,6,N,M,-0.0423,68
20,1,Q,*,-0.0417,4
469,450,K,N,-0.0416,79
182,163,A,V,-0.0411,83
238,219,S,Q,-0.0409,92
394,375,D,E,-0.0401,101
472,453,K,L,-0.0401,38
120,101,D,Y,-0.0398,5
192,173,Q,V,-0.0397,14
67,48,I,G,-0.0395,76
69,50,E,K,-0.0390,114
28,9,S,G,-0.0381,30
53,34,I,L,-0.0378,106
391,372,A,L,-0.0374,50
111,92,R,V,-0.0374,142
473,454,Q,I,-0.0370,81
220,201,R,V,-0.0369,56
516,497,N,W,-0.0368,32
449,430,A,K,-0.0362,109
188,169,P,L,-0.0361,2
147,128,A,I,-0.0360,45
363,344,E,N,-0.0358,67
143,124,S,M,-0.0354,129
56,37,T,E,-0.0353,1
50,31,N,G,-0.0352,28
99,80,Q,M,-0.0351,113
509,490,V,F,-0.0348,22
65,46,S,K,-0.0347,53
395,376,Q,K,-0.0346,149
372,353,F,Y,-0.0339,156
299,280,E,L,-0.0338,45
419,400,S,G,-0.0335,41
40,21,P,Q,-0.0334,105
464,445,N,R,-0.0320,29
323,304,A,R,-0.0318,87
36,17,H,R,-0.0313,15
472,453,K,Y,-0.0300,55
176,157,L,S,-0.0291,127
395,376,Q,A,-0.0288,63
390,371,Q,S,-0.0287,83
237,218,G,S,-0.0287,52
319,300,I,Q,-0.0279,60
302,283,T,I,-0.0277,2
218,199,S,H,-0.0277,52
67,48,I,W,-0.0273,47
349,330,G,A,-0.0272,47
406,387,K,N,-0.0269,79
331,312,N,R,-0.0261,62
472,453,K,F,-0.0255,53
468,449,E,D,-0.0250,68
398,379,G,E,-0.0250,72
24,5,G,F,-0.0244,49
237,218,G,T,-0.0240,83
163,144,S,H,-0.0239,111
420,401,E,G,-0.0235,55
516,497,N,G,-0.0231,27
29,10,T,G,-0.0231,9
405,386,G,M,-0.0229,59
512,493,D,N,-0.0227,81
186,167,T,S,-0.0227,62
377,358,S,T,-0.0226,105
115,96,N,Q,-0.0217,61
498,479,G,H,-0.0217,56
423,404,G,V,-0.0215,63
326,307,R,*,-0.0213,2
409,390,E,N,-0.0210,59
136,117,T,I,-0.0209,9
398,379,G,H,-0.0206,55
486,467,F,L,-0.0204,41
25,6,N,F,-0.0201,79
113,94,Y,E,-0.0200,73
473,454,Q,V,-0.0191,31
125,106,A,H,-0.0185,55
373,354,R,Q,-0.0185,84
409,390,E,S,-0.0184,57
237,218,G,F,-0.0184,47
64,45,N,H,-0.0183,41
205,186,G,V,-0.0182,120
52,33,R,K,-0.0181,43
342,323,V,M,-0.0179,38
126,107,S,D,-0.0176,81
25,6,N,Y,-0.0174,112
392,373,A,S,-0.0168,55
113,94,Y,G,-0.0166,87
53,34,I,M,-0.0163,47
399,380,K,T,-0.0159,1
284,265,S,G,-0.0157,6
67,48,I,A,-0.0152,84
110,91,S,P,-0.0143,56
512,493,D,I,-0.0142,60
398,379,G,T,-0.0138,84
261,242,I,V,-0.0135,45
523,504,G,L,-0.0134,18
495,476,A,T,-0.0133,60
403,384,L,M,-0.0130,94
161,142,G,N,-0.0127,115
475,456,R,G,-0.0123,80
226,207,K,Q,-0.0120,120
178,159,Y,H,-0.0117,197
318,299,R,P,-0.0116,52
409,390,E,Q,-0.0114,60
281,262,S,M,-0.0114,88
220,201,R,I,-0.0110,94
279,260,I,V,-0.0091,82
393,374,I,R,-0.0088,114
218,199,S,L,-0.0086,89
76,57,Q,N,-0.0086,120
67,48,I,D,-0.0085,48
343,324,P,K,-0.0083,69
43,24,T,I,-0.0080,41
420,401,E,M,-0.0077,32
397,378,N,D,-0.0075,42
176,157,L,Q,-0.0067,89
337,318,T,M,-0.0059,71
22,3,I,H,-0.0058,38
190,171,K,L,-0.0057,92
395,376,Q,G,-0.0057,88
462,443,E,Q,-0.0056,48
434,415,D,E,-0.0046,10
65,46,S,A,-0.0046,52
114,95,S,G,-0.0037,1
402,383,R,K,-0.0037,68
22,3,I,R,-0.0032,42
140,121,K,S,-0.0029,179
40,21,P,G,-0.0027,28
156,137,F,Y,-0.0026,125
23,4,P,E,-0.0023,62
345,326,K,R,-0.0022,262
178,159,Y,N,-0.0017,283
111,92,R,F,-0.0016,88
522,503,K,A,-0.0012,52
237,218,G,A,-0.0012,60
333,314,L,I,-0.0007,63
438,419,D,E,-0.0007,66
133,114,S,V,-0.0001,6
1,-19,M,M,0.0000,
3,-17,A,A,0.0000,
7,-13,V,V,0.0000,
11,-9,A,A,0.0000,
13,-7,V,V,0.0000,
14,-6,A,A,0.0000,
15,-5,T,T,0.0000,
16,-4,D,D,0.0000,
17,-3,A,A,0.0000,
18,-2,D,D,0.0000,
19,-1,T,T,0.0000,
20,1,Q,Q,0.0000,
21,2,K,K,0.0000,
22,3,I,I,0.0000,
23,4,P,P,0.0000,
24,5,G,G,0.0000,
25,6,N,N,0.0000,
26,7,D,D,0.0000,
27,8,N,N,0.0000,
28,9,S,S,0.0000,
29,10,T,T,0.0000,
30,11,A,A,0.0000,
31,12,T,T,0.0000,
32,13,L,L,0.0000,
33,14,C,C,0.0000,
34,15,L,L,0.0000,
35,16,G,G,0.0000,
36,17,H,H,0.0000,
37,18,H,H,0.0000,
38,19,A,A,0.0000,
39,20,V,V,0.0000,
40,21,P,P,0.0000,
41,22,N,N,0.0000,
42,23,G,G,0.0000,
43,24,T,T,0.0000,
44,25,I,I,0.0000,
45,26,V,V,0.0000,
46,27,K,K,0.0000,
47,28,T,T,0.0000,
48,29,I,I,0.0000,
49,30,T,T,0.0000,
50,31,N,N,0.0000,
51,32,D,D,0.0000,
52,33,R,R,0.0000,
53,34,I,I,0.0000,
54,35,E,E,0.0000,
55,36,V,V,0.0000,
56,37,T,T,0.0000,
57,38,N,N,0.0000,
58,39,A,A,0.0000,
59,40,T,T,0.0000,
60,41,E,E,0.0000,
61,42,L,L,0.0000,
62,43,V,V,0.0000,
63,44,Q,Q,0.0000,
64,45,N,N,0.0000,
65,46,S,S,0.0000,
66,47,S,S,0.0000,
67,48,I,I,0.0000,
68,49,G,G,0.0000,
69,50,E,E,0.0000,
70,51,I,I,0.0000,
71,52,C,C,0.0000,
72,53,D,D,0.0000,
73,54,S,S,0.0000,
74,55,P,P,0.0000,
75,56,H,H,0.0000,
76,57,Q,Q,0.0000,
77,58,I,I,0.0000,
78,59,L,L,0.0000,
79,60,D,D,0.0000,
80,61,G,G,0.0000,
81,62,G,G,0.0000,
82,63,N,N,0.0000,
83,64,C,C,0.0000,
84,65,T,T,0.0000,
85,66,L,L,0.0000,
86,67,I,I,0.0000,
87,68,D,D,0.0000,
88,69,A,A,0.0000,
89,70,L,L,0.0000,
90,71,L,L,0.0000,
91,72,G,G,0.0000,
92,73,D,D,0.0000,
93,74,P,P,0.0000,
94,75,Q,Q,0.0000,
95,76,C,C,0.0000,
96,77,D,D,0.0000,
97,78,G,G,0.0000,
98,79,F,F,0.0000,
99,80,Q,Q,0.0000,
100,81,N,N,0.0000,
101,82,K,K,0.0000,
102,83,K,K,0.0000,
103,84,W,W,0.0000,
104,85,D,D,0.0000,
105,86,L,L,0.0000,
106,87,F,F,0.0000,
107,88,V,V,0.0000,
108,89,E,E,0.0000,
109,90,R,R,0.0000,
110,91,S,S,0.0000,
111,92,R,R,0.0000,
112,93,A,A,0.0000,
113,94,Y,Y,0.0000,
114,95,S,S,0.0000,
115,96,N,N,0.0000,
116,97,C,C,0.0000,
117,98,Y,Y,0.0000,
118,99,P,P,0.0000,
119,100,Y,Y,0.0000,
120,101,D,D,0.0000,
121,102,V,V,0.0000,
122,103,P,P,0.0000,
123,104,D,D,0.0000,
124,105,Y,Y,0.0000,
125,106,A,A,0.0000,
126,107,S,S,0.0000,
127,108,L,L,0.0000,
128,109,R,R,0.0000,
129,110,S,S,0.0000,
130,111,L,L,0.0000,
131,112,V,V,0.0000,
132,113,A,A,0.0000,
133,114,S,S,0.0000,
134,115,S,S,0.0000,
135,116,G,G,0.0000,
136,117,T,T,0.0000,
137,118,L,L,0.0000,
138,119,E,E,0.0000,
140,121,K,K,0.0000,
141,122,N,N,0.0000,
142,123,E,E,0.0000,
143,124,S,S,0.0000,
144,125,F,F,0.0000,
145,126,N,N,0.0000,
146,127,W,W,0.0000,
147,128,A,A,0.0000,
148,129,G,G,0.0000,
149,130,V,V,0.0000,
150,131,T,T,0.0000,
151,132,Q,Q,0.0000,
152,133,N,N,0.0000,
153,134,G,G,0.0000,
154,135,K,K,0.0000,
155,136,S,S,0.0000,
156,137,F,F,0.0000,
157,138,S,S,0.0000,
158,139,C,C,0.0000,
159,140,I,I,0.0000,
160,141,R,R,0.0000,
161,142,G,G,0.0000,
162,143,S,S,0.0000,
163,144,S,S,0.0000,
164,145,S,S,0.0000,
165,146,S,S,0.0000,
166,147,F,F,0.0000,
167,148,F,F,0.0000,
168,149,S,S,0.0000,
169,150,R,R,0.0000,
170,151,L,L,0.0000,
171,152,N,N,0.0000,
172,153,W,W,0.0000,
173,154,L,L,0.0000,
174,155,T,T,0.0000,
175,156,H,H,0.0000,
176,157,L,L,0.0000,
177,158,N,N,0.0000,
178,159,Y,Y,0.0000,
179,160,T,T,0.0000,
180,161,Y,Y,0.0000,
181,162,P,P,0.0000,
182,163,A,A,0.0000,
183,164,L,L,0.0000,
184,165,N,N,0.0000,
185,166,V,V,0.0000,
186,167,T,T,0.0000,
187,168,M,M,0.0000,
188,169,P,P,0.0000,
189,170,N,N,0.0000,
190,171,K,K,0.0000,
191,172,E,E,0.0000,
192,173,Q,Q,0.0000,
193,174,F,F,0.0000,
194,175,D,D,0.0000,
195,176,K,K,0.0000,
196,177,L,L,0.0000,
197,178,Y,Y,0.0000,
198,179,I,I,0.0000,
199,180,W,W,0.0000,
200,181,G,G,0.0000,
201,182,V,V,0.0000,
202,183,H,H,0.0000,
203,184,H,H,0.0000,
204,185,P,P,0.0000,
205,186,G,G,0.0000,
206,187,T,T,0.0000,
207,188,D,D,0.0000,
208,189,K,K,0.0000,
209,190,D,D,0.0000,
210,191,Q,Q,0.0000,
211,192,I,I,0.0000,
212,193,S,S,0.0000,
213,194,L,L,0.0000,
214,195,Y,Y,0.0000,
215,196,A,A,0.0000,
216,197,Q,Q,0.0000,
217,198,S,S,0.0000,
218,199,S,S,0.0000,
219,200,G,G,0.0000,
220,201,R,R,0.0000,
221,202,I,I,0.0000,
222,203,T,T,0.0000,
223,204,V,V,0.0000,
224,205,S,S,0.0000,
225,206,T,T,0.0000,
226,207,K,K,0.0000,
227,208,R,R,0.0000,
228,209,S,S,0.0000,
229,210,Q,Q,0.0000,
230,211,Q,Q,0.0000,
231,212,A,A,0.0000,
232,213,V,V,0.0000,
233,214,I,I,0.0000,
234,215,P,P,0.0000,
235,216,N,N,0.0000,
236,217,I,I,0.0000,
237,218,G,G,0.0000,
238,219,S,S,0.0000,
239,220,R,R,0.0000,
240,221,P,P,0.0000,
241,222,R,R,0.0000,
242,223,I,I,0.0000,
243,224,R,R,0.0000,
244,225,D,D,0.0000,
245,226,I,I,0.0000,
246,227,P,P,0.0000,
247,228,S,S,0.0000,
248,229,R,R,0.0000,
249,230,I,I,0.0000,
250,231,S,S,0.0000,
252,233,Y,Y,0.0000,
253,234,W,W,0.0000,
254,235,T,T,0.0000,
255,236,I,I,0.0000,
256,237,V,V,0.0000,
257,238,K,K,0.0000,
258,239,P,P,0.0000,
259,240,G,G,0.0000,
260,241,D,D,0.0000,
261,242,I,I,0.0000,
262,243,L,L,0.0000,
263,244,L,L,0.0000,
264,245,I,I,0.0000,
265,246,N,N,0.0000,
266,247,S,S,0.0000,
267,248,T,T,0.0000,
268,249,G,G,0.0000,
270,251,L,L,0.0000,
272,253,A,A,0.0000,
273,254,P,P,0.0000,
274,255,R,R,0.0000,
275,256,G,G,0.0000,
276,257,Y,Y,0.0000,
277,258,F,F,0.0000,
278,259,K,K,0.0000,
279,260,I,I,0.0000,
280,261,R,R,0.0000,
281,262,S,S,0.0000,
282,263,G,G,0.0000,
283,264,K,K,0.0000,
284,265,S,S,0.0000,
285,266,S,S,0.0000,
286,267,I,I,0.0000,
287,268,M,M,0.0000,
288,269,R,R,0.0000,
289,270,S,S,0.0000,
290,271,D,D,0.0000,
291,272,A,A,0.0000,
292,273,P,P,0.0000,
294,275,G,G,0.0000,
295,276,K,K,0.0000,
296,277,C,C,0.0000,
297,278,K,K,0.0000,
298,279,S,S,0.0000,
299,280,E,E,0.0000,
300,281,C,C,0.0000,
301,282,I,I,0.0000,
302,283,T,T,0.0000,
303,284,P,P,0.0000,
304,285,N,N,0.0000,
305,286,G,G,0.0000,
306,287,S,S,0.0000,
307,288,I,I,0.0000,
308,289,P,P,0.0000,
309,290,N,N,0.0000,
310,291,D,D,0.0000,
311,292,K,K,0.0000,
312,293,P,P,0.0000,
313,294,F,F,0.0000,
314,295,Q,Q,0.0000,
315,296,N,N,0.0000,
316,297,V,V,0.0000,
317,298,N,N,0.0000,
318,299,R,R,0.0000,
319,300,I,I,0.0000,
320,301,T,T,0.0000,
321,302,Y,Y,0.0000,
322,303,G,G,0.0000,
323,304,A,A,0.0000,
324,305,C,C,0.0000,
325,306,P,P,0.0000,
326,307,R,R,0.0000,
327,308,Y,Y,0.0000,
328,309,V,V,0.0000,
329,310,K,K,0.0000,
330,311,Q,Q,0.0000,
331,312,N,N,0.0000,
332,313,T,T,0.0000,
333,314,L,L,0.0000,
334,315,K,K,0.0000,
335,316,L,L,0.0000,
336,317,A,A,0.0000,
337,318,T,T,0.0000,
338,319,G,G,0.0000,
339,320,M,M,0.0000,
340,321,R,R,0.0000,
341,322,N,N,0.0000,
342,323,V,V,0.0000,
343,324,P,P,0.0000,
344,325,E,E,0.0000,
345,326,K,K,0.0000,
346,327,Q,Q,0.0000,
347,328,T,T,0.0000,
348,329,R,R,0.0000,
349,330,G,G,0.0000,
350,331,I,I,0.0000,
351,332,F,F,0.0000,
352,333,G,G,0.0000,
353,334,A,A,0.0000,
354,335,I,I,0.0000,
355,336,A,A,0.0000,
356,337,G,G,0.0000,
357,338,F,F,0.0000,
358,339,I,I,0.0000,
359,340,E,E,0.0000,
360,341,N,N,0.0000,
361,342,G,G,0.0000,
362,343,W,W,0.0000,
363,344,E,E,0.0000,
364,345,G,G,0.0000,
365,346,M,M,0.0000,
366,347,V,V,0.0000,
367,348,D,D,0.0000,
368,349,G,G,0.0000,
369,350,W,W,0.0000,
370,351,Y,Y,0.0000,
371,352,G,G,0.0000,
372,353,F,F,0.0000,
373,354,R,R,0.0000,
374,355,H,H,0.0000,
375,356,Q,Q,0.0000,
376,357,N,N,0.0000,
377,358,S,S,0.0000,
378,359,E,E,0.0000,
379,360,G,G,0.0000,
380,361,R,R,0.0000,
381,362,G,G,0.0000,
382,363,Q,Q,0.0000,
383,364,A,A,0.0000,
384,365,A,A,0.0000,
385,366,D,D,0.0000,
386,367,L,L,0.0000,
387,368,K,K,0.0000,
388,369,S,S,0.0000,
389,370,T,T,0.0000,
390,371,Q,Q,0.0000,
391,372,A,A,0.0000,
392,373,A,A,0.0000,
393,374,I,I,0.0000,
394,375,D,D,0.0000,
395,376,Q,Q,0.0000,
396,377,I,I,0.0000,
397,378,N,N,0.0000,
398,379,G,G,0.0000,
399,380,K,K,0.0000,
400,381,L,L,0.0000,
401,382,N,N,0.0000,
402,383,R,R,0.0000,
403,384,L,L,0.0000,
404,385,I,I,0.0000,
405,386,G,G,0.0000,
406,387,K,K,0.0000,
407,388,T,T,0.0000,
408,389,N,N,0.0000,
409,390,E,E,0.0000,
410,391,K,K,0.0000,
411,392,F,F,0.0000,
412,393,H,H,0.0000,
413,394,Q,Q,0.0000,
414,395,I,I,0.0000,
415,396,E,E,0.0000,
416,397,K,K,0.0000,
417,398,E,E,0.0000,
418,399,F,F,0.0000,
419,400,S,S,0.0000,
420,401,E,E,0.0000,
421,402,V,V,0.0000,
422,403,E,E,0.0000,
423,404,G,G,0.0000,
424,405,R,R,0.0000,
425,406,V,V,0.0000,
426,407,Q,Q,0.0000,
427,408,D,D,0.0000,
428,409,L,L,0.0000,
429,410,E,E,0.0000,
430,411,K,K,0.0000,
431,412,Y,Y,0.0000,
432,413,V,V,0.0000,
433,414,E,E,0.0000,
434,415,D,D,0.0000,
435,416,T,T,0.0000,
436,417,K,K,0.0000,
437,418,I,I,0.0000,
438,419,D,D,0.0000,
439,420,L,L,0.0000,
440,421,W,W,0.0000,
441,422,S,S,0.0000,
442,423,Y,Y,0.0000,
443,424,N,N,0.0000,
444,425,A,A,0.0000,
445,426,E,E,0.0000,
446,427,L,L,0.0000,
447,428,L,L,0.0000,
448,429,V,V,0.0000,
449,430,A,A,0.0000,
450,431,L,L,0.0000,
451,432,E,E,0.0000,
452,433,N,N,0.0000,
453,434,Q,Q,0.0000,
454,435,H,H,0.0000,
455,436,T,T,0.0000,
456,437,I,I,0.0000,
457,438,D,D,0.0000,
458,439,L,L,0.0000,
459,440,T,T,0.0000,
460,441,D,D,0.0000,
461,442,S,S,0.0000,
462,443,E,E,0.0000,
463,444,M,M,0.0000,
464,445,N,N,0.0000,
465,446,K,K,0.0000,
466,447,L,L,0.0000,
467,448,F,F,0.0000,
468,449,E,E,0.0000,
469,450,K,K,0.0000,
470,451,T,T,0.0000,
471,452,K,K,0.0000,
472,453,K,K,0.0000,
473,454,Q,Q,0.0000,
474,455,L,L,0.0000,
475,456,R,R,0.0000,
476,457,E,E,0.0000,
477,458,N,N,0.0000,
478,459,A,A,0.0000,
479,460,E,E,0.0000,
480,461,D,D,0.0000,
481,462,M,M,0.0000,
482,463,G,G,0.0000,
483,464,N,N,0.0000,
484,465,G,G,0.0000,
485,466,C,C,0.0000,
486,467,F,F,0.0000,
487,468,K,K,0.0000,
488,469,I,I,0.0000,
489,470,Y,Y,0.0000,
490,471,H,H,0.0000,
491,472,K,K,0.0000,
492,473,C,C,0.0000,
493,474,D,D,0.0000,
494,475,N,N,0.0000,
495,476,A,A,0.0000,
496,477,C,C,0.0000,
497,478,I,I,0.0000,
498,479,G,G,0.0000,
499,480,S,S,0.0000,
500,481,I,I,0.0000,
501,482,R,R,0.0000,
502,483,N,N,0.0000,
503,484,E,E,0.0000,
504,485,T,T,0.0000,
505,486,Y,Y,0.0000,
506,487,D,D,0.0000,
507,488,H,H,0.0000,
508,489,N,N,0.0000,
509,490,V,V,0.0000,
510,491,Y,Y,0.0000,
511,492,R,R,0.0000,
512,493,D,D,0.0000,
513,494,E,E,0.0000,
514,495,A,A,0.0000,
515,496,L,L,0.0000,
516,497,N,N,0.0000,
517,498,N,N,0.0000,
518,499,R,R,0.0000,
519,500,F,F,0.0000,
520,501,Q,Q,0.0000,
521,502,I,I,0.0000,
522,503,K,K,0.0000,
523,504,G,G,0.0000,
524,505,V,V,0.0000,
525,506,E,E,0.0000,
526,507,L,L,0.0000,
527,508,K,K,0.0000,
528,509,S,S,0.0000,
529,510,G,G,0.0000,
530,511,Y,Y,0.0000,
531,512,K,K,0.0000,
532,513,D,D,0.0000,
533,514,W,W,0.0000,
535,516,L,L,0.0000,
536,517,W,W,0.0000,
537,518,I,I,0.0000,
538,519,S,S,0.0000,
539,520,F,F,0.0000,
540,521,A,A,0.0000,
541,522,I,I,0.0000,
542,523,S,S,0.0000,
543,524,C,C,0.0000,
544,525,F,F,0.0000,
545,526,L,L,0.0000,
546,527,L,L,0.0000,
547,528,C,C,0.0000,
548,529,V,V,0.0000,
549,530,A,A,0.0000,
550,531,L,L,0.0000,
551,532,L,L,0.0000,
552,533,G,G,0.0000,
555,536,M,M,0.0000,
556,537,W,W,0.0000,
557,538,A,A,0.0000,
558,539,C,C,0.0000,
559,540,Q,Q,0.0000,
560,541,K,K,0.0000,
380,361,R,I,0.0000,160
44,25,I,V,0.0003,32
65,46,S,W,0.0004,56
111,92,R,D,0.0007,124
465,446,K,N,0.0011,60
413,394,Q,S,0.0012,92
342,323,V,L,0.0014,46
430,411,K,L,0.0018,56
497,478,I,T,0.0020,1
161,142,G,D,0.0023,105
49,30,T,Q,0.0028,64
416,397,K,D,0.0030,34
76,57,Q,T,0.0033,102
342,323,V,K,0.0041,80
519,500,F,L,0.0045,59
309,290,N,S,0.0048,1
409,390,E,A,0.0053,47
26,7,D,E,0.0056,63
331,312,N,S,0.0058,190
143,124,S,I,0.0059,111
182,163,A,Y,0.0060,148
69,50,E,T,0.0075,97
23,4,P,F,0.0081,48
464,445,N,A,0.0082,33
32,13,L,I,0.0089,46
207,188,D,A,0.0091,91
159,140,I,Q,0.0094,35
421,402,V,I,0.0095,64
472,453,K,T,0.0107,61
125,106,A,W,0.0110,68
125,106,A,E,0.0114,83
326,307,R,Y,0.0114,66
73,54,S,R,0.0116,116
331,312,N,P,0.0120,26
140,121,K,A,0.0122,57
69,50,E,R,0.0130,76
512,493,D,S,0.0132,34
202,183,H,D,0.0137,1
508,489,N,T,0.0137,34
319,300,I,H,0.0140,80
24,5,G,P,0.0147,44
113,94,Y,Q,0.0154,72
147,128,A,S,0.0156,100
297,278,K,H,0.0159,48
67,48,I,S,0.0165,84
515,496,L,I,0.0174,74
28,9,S,R,0.0175,48
213,194,L,Q,0.0175,1
242,223,I,V,0.0176,95
409,390,E,I,0.0184,49
190,171,K,D,0.0185,49
238,219,S,H,0.0188,84
380,361,R,T,0.0189,82
457,438,D,E,0.0191,66
444,425,A,V,0.0195,5
27,8,N,Y,0.0196,96
495,476,A,N,0.0200,35
449,430,A,R,0.0200,81
280,261,R,S,0.0202,326
27,8,N,Q,0.0206,22
257,238,K,A,0.0209,66
102,83,K,Q,0.0210,113
409,390,E,T,0.0213,40
113,94,Y,N,0.0219,99
147,128,A,L,0.0221,95
27,8,N,G,0.0223,44
217,198,S,P,0.0226,152
22,3,I,L,0.0231,82
535,516,L,Q,0.0239,1
235,216,N,H,0.0243,159
498,479,G,I,0.0247,64
40,21,P,M,0.0263,34
375,356,Q,I,0.0267,120
111,92,R,A,0.0271,100
59,40,T,Y,0.0287,36
239,220,R,W,0.0287,121
377,358,S,I,0.0289,130
411,392,F,Y,0.0290,54
423,404,G,N,0.0293,36
334,315,K,M,0.0299,44
97,78,G,D,0.0301,199
41,22,N,Q,0.0302,40
509,490,V,K,0.0303,13
330,311,Q,V,0.0307,139
29,10,T,Q,0.0311,14
143,124,S,F,0.0312,104
111,92,R,G,0.0313,184
495,476,A,E,0.0318,69
430,411,K,N,0.0318,82
555,536,M,I,0.0319,7
520,501,Q,M,0.0322,64
470,451,T,V,0.0324,62
509,490,V,Q,0.0333,36
377,358,S,L,0.0334,105
402,383,R,H,0.0334,45
63,44,Q,T,0.0337,48
192,173,Q,M,0.0341,13
122,103,P,L,0.0342,7
400,381,L,F,0.0343,42
298,279,S,F,0.0351,141
517,498,N,T,0.0353,46
57,38,N,T,0.0353,60
246,227,P,H,0.0359,224
46,27,K,Q,0.0360,71
280,261,R,M,0.0360,245
319,300,I,V,0.0364,85
246,227,P,M,0.0367,79
394,375,D,S,0.0369,94
113,94,Y,T,0.0372,76
49,30,T,M,0.0374,49
330,311,Q,A,0.0377,163
551,532,L,I,0.0382,5
26,7,D,G,0.0382,37
111,92,R,K,0.0383,355
246,227,P,T,0.0385,131
498,479,G,N,0.0387,36
217,198,S,E,0.0397,168
240,221,P,H,0.0401,30
141,122,N,M,0.0402,106
375,356,Q,D,0.0405,93
291,272,A,T,0.0412,15
345,326,K,L,0.0418,196
469,450,K,R,0.0433,43
239,220,R,K,0.0444,140
523,504,G,W,0.0450,49
491,472,K,H,0.0450,68
375,356,Q,E,0.0464,136
207,188,D,V,0.0465,28
110,91,S,T,0.0466,42
319,300,I,W,0.0467,112
449,430,A,M,0.0470,73
257,238,K,P,0.0474,31
334,315,K,E,0.0475,3
44,25,I,Y,0.0476,74
326,307,R,M,0.0480,90
212,193,S,Q,0.0483,80
407,388,T,G,0.0486,44
143,124,S,V,0.0490,69
397,378,N,Q,0.0493,36
25,6,N,E,0.0496,48
113,94,Y,I,0.0497,75
101,82,K,S,0.0501,65
366,347,V,C,0.0501,86
549,530,A,S,0.0503,9
430,411,K,Y,0.0503,74
113,94,Y,S,0.0506,75
67,48,I,E,0.0510,67
163,144,S,*,0.0517,90
430,411,K,S,0.0517,75
226,207,K,R,0.0522,100
409,390,E,M,0.0522,47
67,48,I,K,0.0523,101
205,186,G,E,0.0528,122
238,219,S,G,0.0531,45
323,304,A,M,0.0532,48
280,261,R,E,0.0534,44
399,380,K,N,0.0538,58
283,264,K,G,0.0546,86
391,372,A,Q,0.0548,61
456,437,I,L,0.0550,103
207,188,D,S,0.0551,68
217,198,S,T,0.0555,152
459,440,T,L,0.0557,63
77,58,I,V,0.0560,48
424,405,R,-,0.0570,1
516,497,N,H,0.0572,80
421,402,V,A,0.0573,26
461,442,S,I,0.0582,45
69,50,E,A,0.0585,48
418,399,F,Y,0.0589,49
227,208,R,V,0.0589,68
403,384,L,F,0.0592,128
461,442,S,H,0.0597,25
435,416,T,S,0.0599,117
94,75,Q,M,0.0602,359
407,388,T,I,0.0602,1
43,24,T,F,0.0603,34
429,410,E,G,0.0605,13
24,5,G,S,0.0606,59
76,57,Q,V,0.0608,73
25,6,N,D,0.0611,74
43,24,T,Q,0.0611,52
331,312,N,G,0.0618,41
192,173,Q,S,0.0618,51
462,443,E,A,0.0621,45
25,6,N,W,0.0624,25
501,482,R,M,0.0626,90
111,92,R,S,0.0631,228
76,57,Q,*,0.0631,5
429,410,E,T,0.0635,1
507,488,H,A,0.0635,17
382,363,Q,T,0.0640,205
24,5,G,V,0.0644,59
233,214,I,Q,0.0646,52
212,193,S,A,0.0651,214
24,5,G,T,0.0653,64
398,379,G,S,0.0656,25
377,358,S,A,0.0661,123
391,372,A,C,0.0668,55
501,482,R,L,0.0672,86
552,533,G,C,0.0672,11
40,21,P,N,0.0674,37
222,203,T,E,0.0679,57
102,83,K,T,0.0679,183
495,476,A,D,0.0681,93
419,400,S,M,0.0687,32
520,501,Q,R,0.0688,63
309,290,N,T,0.0697,43
406,387,K,Q,0.0701,49
67,48,I,F,0.0703,41
115,96,N,S,0.0708,45
239,220,R,Q,0.0719,105
281,262,S,P,0.0719,45
387,368,K,H,0.0719,78
557,538,A,T,0.0724,6
52,33,R,N,0.0724,51
52,33,R,H,0.0726,55
237,218,G,V,0.0728,90
375,356,Q,T,0.0731,129
39,20,V,I,0.0733,14
43,24,T,H,0.0740,62
516,497,N,F,0.0746,65
140,121,K,N,0.0751,299
397,378,N,A,0.0755,43
25,6,N,P,0.0763,70
398,379,G,D,0.0769,41
387,368,K,R,0.0777,203
67,48,I,L,0.0779,56
297,278,K,M,0.0779,79
159,140,I,P,0.0781,16
405,386,G,S,0.0784,65
509,490,V,R,0.0786,25
182,163,A,L,0.0796,51
147,128,A,K,0.0796,47
461,442,S,L,0.0803,34
461,442,S,E,0.0811,96
352,333,G,A,0.0814,107
227,208,R,I,0.0814,92
331,312,N,T,0.0815,50
501,482,R,Y,0.0816,47
246,227,P,E,0.0818,94
342,323,V,I,0.0835,76
354,335,I,L,0.0837,49
66,47,S,V,0.0837,55
237,218,G,H,0.0852,85
59,40,T,I,0.0853,64
377,358,S,G,0.0864,92
280,261,R,A,0.0866,158
298,279,S,L,0.0870,92
387,368,K,S,0.0872,100
509,490,V,Y,0.0873,19
226,207,K,S,0.0875,118
489,470,Y,F,0.0876,61
24,5,G,I,0.0886,93
387,368,K,A,0.0898,92
405,386,G,E,0.0900,55
462,443,E,F,0.0905,28
420,401,E,K,0.0907,51
281,262,S,T,0.0923,81
501,482,R,V,0.0928,33
24,5,G,N,0.0929,74
461,442,S,F,0.0929,43
235,216,N,V,0.0929,101
237,218,G,I,0.0934,131
59,40,T,M,0.0950,53
23,4,P,I,0.0955,124
69,50,E,V,0.0958,77
345,326,K,I,0.0958,162
67,48,I,H,0.0959,53
448,429,V,A,0.0959,1
217,198,S,R,0.0960,231
227,208,R,*,0.0961,2
140,121,K,M,0.0967,141
426,407,Q,K,0.0969,15
347,328,T,S,0.0970,113
57,38,N,S,0.0971,54
288,269,R,I,0.0976,117
207,188,D,N,0.0980,101
75,56,H,Y,0.0982,86
27,8,N,F,0.0982,74
66,47,S,T,0.0983,75
526,507,L,M,0.0987,9
143,124,S,Y,0.0988,141
27,8,N,K,0.0993,80
205,186,G,P,0.1009,94
40,21,P,T,0.1010,99
430,411,K,V,0.1019,65
406,387,K,A,0.1029,36
297,278,K,Q,0.1030,29
22,3,I,Y,0.1030,88
464,445,N,T,0.1038,41
377,358,S,M,0.1040,103
503,484,E,F,0.1041,34
123,104,D,Q,0.1062,51
342,323,V,Y,0.1068,59
517,498,N,I,0.1068,1
211,192,I,M,0.1069,191
363,344,E,M,0.1069,90
226,207,K,A,0.1072,76
50,31,N,Q,0.1072,35
377,358,S,Q,0.1075,90
154,135,K,A,0.1076,98
88,69,A,I,0.1077,150
44,25,I,H,0.1079,59
238,219,S,F,0.1080,71
409,390,E,D,0.1080,74
220,201,R,L,0.1089,65
192,173,Q,A,0.1089,44
97,78,G,S,0.1091,71
323,304,A,D,0.1091,80
206,187,T,N,0.1093,72
22,3,I,V,0.1094,29
122,103,P,S,0.1099,142
216,197,Q,V,0.1103,128
365,346,M,L,0.1104,74
387,368,K,M,0.1107,118
206,187,T,D,0.1109,91
458,439,L,M,0.1112,78
162,143,S,K,0.1122,44
238,219,S,T,0.1123,57
405,386,G,T,0.1125,40
529,510,G,E,0.1128,2
237,218,G,R,0.1135,9
330,311,Q,L,0.1141,166
297,278,K,W,0.1147,102
235,216,N,T,0.1151,104
508,489,N,W,0.1156,10
25,6,N,H,0.1159,73
237,218,G,Y,0.1159,74
44,25,I,W,0.1162,50
226,207,K,G,0.1167,80
163,144,S,R,0.1168,244
288,269,R,K,0.1173,134
347,328,T,Y,0.1174,99
523,504,G,K,0.1179,28
351,332,F,L,0.1180,68
465,446,K,R,0.1180,49
406,387,K,R,0.1184,44
342,323,V,F,0.1189,57
115,96,N,T,0.1190,113
345,326,K,Q,0.1202,88
377,358,S,C,0.1206,95
498,479,G,A,0.1219,56
111,92,R,N,0.1230,161
233,214,I,E,0.1231,69
220,201,R,A,0.1235,64
535,516,L,I,0.1235,43
67,48,I,N,0.1238,106
407,388,T,S,0.1245,40
234,215,P,A,0.1245,85
473,454,Q,L,0.1246,35
27,8,N,I,0.1249,102
216,197,Q,S,0.1250,189
418,399,F,E,0.1251,25
183,164,L,Q,0.1253,138
28,9,S,N,0.1256,44
394,375,D,N,0.1261,130
227,208,R,E,0.1263,75
419,400,S,Q,0.1267,31
323,304,A,L,0.1271,28
235,216,N,D,0.1281,157
387,368,K,V,0.1281,85
328,309,V,I,0.1284,55
297,278,K,I,0.1287,84
28,9,S,E,0.1292,23
508,489,N,Q,0.1292,56
363,344,E,Y,0.1293,99
331,312,N,K,0.1300,72
141,122,N,V,0.1303,52
377,358,S,D,0.1304,101
501,482,R,I,0.1305,59
235,216,N,R,0.1307,165
218,199,S,Q,0.1308,60
405,386,G,R,0.1312,17
220,201,R,Q,0.1317,91
38,19,A,N,0.1319,49
542,523,S,Y,0.1320,7
522,503,K,R,0.1323,45
386,367,L,Q,0.1325,91
205,186,G,R,0.1332,68
512,493,D,T,0.1336,28
100,81,N,D,0.1336,209
294,275,G,A,0.1339,74
69,50,E,Y,0.1344,48
405,386,G,D,0.1344,71
113,94,Y,A,0.1352,55
134,115,S,A,0.1358,16
227,208,R,T,0.1359,76
391,372,A,W,0.1360,66
280,261,R,N,0.1368,167
282,263,G,R,0.1369,7
472,453,K,N,0.1372,83
405,386,G,Y,0.1374,59
393,374,I,M,0.1375,85
523,504,G,N,0.1378,29
497,478,I,V,0.1388,2
107,88,V,I,0.1389,95
246,227,P,S,0.1394,81
227,208,R,S,0.1396,73
147,128,A,Y,0.1401,28
38,19,A,S,0.1404,134
227,208,R,M,0.1404,70
13,-7,V,L,0.1416,1
23,4,P,V,0.1417,42
73,54,S,Q,0.1419,76
140,121,K,R,0.1423,77
227,208,R,N,0.1439,73
192,173,Q,P,0.1446,58
197,178,Y,*,0.1446,2
342,323,V,H,0.1446,58
52,33,R,M,0.1447,56
76,57,Q,L,0.1457,115
556,537,W,F,0.1460,2
156,137,F,G,0.1471,39
143,124,S,R,0.1476,127
29,10,T,L,0.1496,31
51,32,D,P,0.1498,39
268,249,G,A,0.1510,1
220,201,R,K,0.1513,87
78,59,L,V,0.1514,43
46,27,K,A,0.1521,67
396,377,I,V,0.1523,49
113,94,Y,F,0.1526,123
141,122,N,T,0.1529,69
491,472,K,R,0.1531,63
23,4,P,G,0.1535,49
53,34,I,V,0.1537,55
208,189,K,A,0.1538,67
59,40,T,L,0.1545,44
41,22,N,K,0.1549,74
548,529,V,L,0.1552,4
239,220,R,N,0.1564,87
280,261,R,I,0.1567,199
401,382,N,G,0.1568,51
358,339,I,L,0.1581,80
498,479,G,V,0.1584,39
363,344,E,F,0.1590,101
50,31,N,A,0.1599,34
31,12,T,V,0.1600,22
297,278,K,Y,0.1604,58
122,103,P,R,0.1610,53
190,171,K,H,0.1612,92
212,193,S,D,0.1612,151
347,328,T,F,0.1615,124
27,8,N,A,0.1622,43
227,208,R,H,0.1624,91
255,236,I,V,0.1624,79
182,163,A,M,0.1630,61
31,12,T,W,0.1630,16
240,221,P,A,0.1634,27
162,143,S,E,0.1639,35
402,383,R,S,0.1640,120
207,188,D,F,0.1643,67
238,219,S,N,0.1649,53
498,479,G,Y,0.1660,17
59,40,T,Q,0.1663,39
164,145,S,Q,0.1663,37
129,110,S,L,0.1666,4
178,159,Y,G,0.1668,247
28,9,S,F,0.1670,27
207,188,D,W,0.1677,30
467,448,F,W,0.1679,52
57,38,N,R,0.1689,108
44,25,I,F,0.1696,20
28,9,S,K,0.1697,39
419,400,S,N,0.1701,42
427,408,D,Y,0.1706,11
280,261,R,K,0.1708,168
458,439,L,F,0.1712,85
141,122,N,F,0.1714,80
220,201,R,F,0.1715,64
125,106,A,S,0.1716,83
192,173,Q,K,0.1720,68
227,208,R,D,0.1734,54
501,482,R,Q,0.1735,65
321,302,Y,F,0.1744,142
498,479,G,Q,0.1745,32
115,96,N,K,0.1747,1
220,201,R,H,0.1750,67
531,512,K,T,0.1757,1
387,368,K,T,0.1783,139
50,31,N,E,0.1786,39
521,502,I,L,0.1790,47
297,278,K,F,0.1794,76
512,493,D,Q,0.1794,39
261,242,I,M,0.1803,101
219,200,G,T,0.1807,75
461,442,S,G,0.1812,36
97,78,G,E,0.1813,145
122,103,P,T,0.1815,91
464,445,N,M,0.1822,29
288,269,R,T,0.1822,77
29,10,T,W,0.1822,28
143,124,S,A,0.1825,107
25,6,N,L,0.1833,39
387,368,K,P,0.1837,68
147,128,A,T,0.1849,189
84,65,T,K,0.1849,5
49,30,T,Y,0.1852,62
22,3,I,E,0.1856,29
387,368,K,I,0.1856,187
162,143,S,G,0.1867,26
400,381,L,M,0.1870,60
64,45,N,T,0.1878,42
473,454,Q,M,0.1878,93
227,208,R,F,0.1886,74
430,411,K,T,0.1900,97
464,445,N,K,0.1900,36
76,57,Q,R,0.1902,98
544,525,F,S,0.1906,4
31,12,T,Y,0.1910,16
122,103,P,A,0.1911,151
162,143,S,A,0.1919,23
509,490,V,L,0.1921,32
217,198,S,K,0.1923,243
237,218,G,M,0.1928,59
69,50,E,L,0.1929,71
192,173,Q,T,0.1931,52
323,304,A,V,0.1934,17
143,124,S,P,0.1942,81
239,220,R,M,0.1949,70
241,222,R,K,0.1950,130
375,356,Q,M,0.1953,90
468,449,E,A,0.1954,47
508,489,N,A,0.1982,15
122,103,P,F,0.1982,83
420,401,E,I,0.1984,64
192,173,Q,N,0.1984,68
205,186,G,H,0.1994,80
430,411,K,E,0.1995,95
63,44,Q,E,0.1997,38
494,475,N,D,0.2006,54
182,163,A,H,0.2009,97
270,251,L,F,0.2019,158
235,216,N,I,0.2025,111
387,368,K,G,0.2038,86
49,30,T,R,0.2055,64
280,261,R,Q,0.2059,201
216,197,Q,H,0.2065,208
405,386,G,L,0.2092,66
413,394,Q,R,0.2093,12
220,201,R,M,0.2112,91
283,264,K,T,0.2120,55
182,163,A,N,0.2121,87
382,363,Q,E,0.2122,107
41,22,N,A,0.2125,22
207,188,D,H,0.2127,71
113,94,Y,K,0.2143,123
432,413,V,I,0.2144,56
489,470,Y,W,0.2147,39
420,401,E,S,0.2147,34
22,3,I,M,0.2156,102
246,227,P,Q,0.2160,80
120,101,D,E,0.2163,160
28,9,S,D,0.2182,29
352,333,G,M,0.2186,79
111,92,R,H,0.2194,98
29,10,T,R,0.2197,33
419,400,S,L,0.2211,50
98,79,F,L,0.2215,163
69,50,E,I,0.2218,56
403,384,L,V,0.2234,64
122,103,P,M,0.2236,148
458,439,L,Y,0.2239,60
323,304,A,S,0.2241,95
147,128,A,Q,0.2242,31
382,363,Q,M,0.2259,99
66,47,S,*,0.2259,53
540,521,A,T,0.2263,14
541,522,I,V,0.2264,1
280,261,R,T,0.2277,198
484,465,G,D,0.2282,1
239,220,R,F,0.2282,62
472,453,K,M,0.2286,61
29,10,T,I,0.2324,26
50,31,N,S,0.2334,44
163,144,S,E,0.2343,121
28,9,S,L,0.2348,18
133,114,S,E,0.2351,18
523,504,G,Q,0.2354,26
281,262,S,H,0.2357,92
238,219,S,I,0.2374,49
435,416,T,V,0.2375,89
218,199,S,P,0.2381,57
190,171,K,N,0.2395,354
64,45,N,A,0.2396,47
391,372,A,T,0.2402,98
63,44,Q,V,0.2409,24
235,216,N,L,0.2413,127
220,201,R,T,0.2424,124
227,208,R,Q,0.2426,84
388,369,S,T,0.2429,98
543,524,C,L,0.2431,1
175,156,H,K,0.2433,18
85,66,L,I,0.2442,2
283,264,K,S,0.2447,61
94,75,Q,H,0.2454,228
298,279,S,A,0.2460,62
227,208,R,L,0.2467,95
229,210,Q,I,0.2486,47
405,386,G,H,0.2486,54
393,374,I,H,0.2488,62
216,197,Q,G,0.2494,100
227,208,R,Y,0.2494,53
69,50,E,Q,0.2496,97
399,380,K,E,0.2499,2
186,167,T,N,0.2506,3
122,103,P,Q,0.2511,121
176,157,L,K,0.2522,88
25,6,N,V,0.2543,33
141,122,N,A,0.2549,50
43,24,T,Y,0.2549,31
192,173,Q,D,0.2550,53
46,27,K,R,0.2552,70
498,479,G,M,0.2561,22
281,262,S,K,0.2566,92
113,94,Y,H,0.2567,83
523,504,G,S,0.2567,60
377,358,S,E,0.2572,135
326,307,R,K,0.2577,145
229,210,Q,K,0.2582,23
147,128,A,V,0.2582,54
111,92,R,T,0.2585,200
402,383,R,N,0.2589,39
357,338,F,S,0.2597,2
140,121,K,I,0.2601,189
351,332,F,I,0.2611,51
426,407,Q,M,0.2616,41
413,394,Q,E,0.2617,54
206,187,T,S,0.2621,227
141,122,N,Q,0.2625,147
122,103,P,H,0.2627,91
140,121,K,Q,0.2651,170
508,489,N,L,0.2672,20
147,128,A,E,0.2678,97
52,33,R,W,0.2683,34
413,394,Q,T,0.2685,61
126,107,S,Y,0.2690,46
189,170,N,-,0.2690,1
190,171,K,-,0.2690,1
191,172,E,-,0.2690,1
192,173,Q,-,0.2690,1
143,124,S,K,0.2691,66
393,374,I,W,0.2694,63
99,80,Q,E,0.2700,134
555,536,M,V,0.2717,6
163,144,S,K,0.2747,263
218,199,S,E,0.2756,85
43,24,T,E,0.2757,47
461,442,S,M,0.2762,48
520,501,Q,G,0.2769,20
238,219,S,V,0.2774,58
65,46,S,E,0.2782,56
283,264,K,H,0.2787,26
235,216,N,Q,0.2796,76
207,188,D,Y,0.2799,110
73,54,S,E,0.2799,49
76,57,Q,K,0.2800,116
540,521,A,G,0.2811,1
133,114,S,A,0.2820,25
40,21,P,A,0.2826,70
366,347,V,K,0.2830,106
283,264,K,N,0.2842,78
468,449,E,V,0.2843,34
25,6,N,I,0.2848,54
253,234,W,Y,0.2852,148
266,247,S,T,0.2857,78
239,220,R,S,0.2878,72
438,419,D,N,0.2879,1
208,189,K,E,0.2897,102
229,210,Q,V,0.2910,46
219,200,G,A,0.2912,47
50,31,N,H,0.2923,67
461,442,S,R,0.2933,36
414,395,I,V,0.2944,1
64,45,N,S,0.2952,22
143,124,S,H,0.2952,87
122,103,P,N,0.2956,69
461,442,S,N,0.2970,34
156,137,F,A,0.2973,38
207,188,D,Q,0.2978,47
366,347,V,T,0.2997,125
261,242,I,Q,0.2999,108
288,269,R,M,0.2999,84
145,126,N,S,0.3011,3
464,445,N,S,0.3015,46
101,82,K,A,0.3026,166
461,442,S,K,0.3044,49
49,30,T,L,0.3052,37
342,323,V,R,0.3074,81
141,122,N,K,0.3082,1
529,510,G,A,0.3097,2
395,376,Q,R,0.3103,2
323,304,A,N,0.3104,62
125,106,A,D,0.3106,121
207,188,D,T,0.3107,68
111,92,R,Y,0.3131,134
141,122,N,S,0.3135,130
520,501,Q,S,0.3135,18
420,401,E,Q,0.3140,47
182,163,A,E,0.3141,98
28,9,S,T,0.3141,31
375,356,Q,S,0.3158,99
393,374,I,L,0.3158,55
29,10,T,V,0.3197,10
253,234,W,F,0.3204,145
28,9,S,Y,0.3218,25
113,94,Y,V,0.3229,76
136,117,T,S,0.3242,76
405,386,G,I,0.3281,64
220,201,R,P,0.3282,80
238,219,S,P,0.3289,102
252,233,Y,H,0.3316,124
323,304,A,T,0.3319,40
140,121,K,E,0.3320,145
216,197,Q,R,0.3325,265
126,107,S,N,0.3339,64
239,220,R,Y,0.3342,68
429,410,E,K,0.3342,1
29,10,T,M,0.3345,54
261,242,I,E,0.3353,96
182,163,A,T,0.3375,128
122,103,P,I,0.3391,87
433,414,E,D,0.3395,37
261,242,I,T,0.3408,136
27,8,N,L,0.3410,46
30,11,A,T,0.3419,80
546,527,L,M,0.3423,5
462,443,E,T,0.3425,30
29,10,T,E,0.3425,11
218,199,S,A,0.3437,96
391,372,A,S,0.3439,76
391,372,A,N,0.3441,43
416,397,K,I,0.3467,1
352,333,G,S,0.3471,64
113,94,Y,R,0.3476,56
281,262,S,R,0.3478,64
113,94,Y,M,0.3495,50
332,313,T,S,0.3498,94
405,386,G,P,0.3505,39
52,33,R,E,0.3512,41
159,140,I,M,0.3514,57
261,242,I,A,0.3544,100
112,93,A,T,0.3545,57
238,219,S,A,0.3548,39
216,197,Q,T,0.3559,164
143,124,S,Q,0.3575,67
231,212,A,E,0.3580,93
331,312,N,A,0.3604,35
375,356,Q,A,0.3617,85
182,163,A,S,0.3619,137
508,489,N,M,0.3620,28
207,188,D,E,0.3628,134
182,163,A,Q,0.3647,119
323,304,A,K,0.3653,86
205,186,G,S,0.3656,90
261,242,I,C,0.3663,35
424,405,R,G,0.3665,3
464,445,N,Q,0.3665,28
216,197,Q,K,0.3674,177
499,480,S,A,0.3682,13
281,262,S,Q,0.3688,43
391,372,A,R,0.3694,26
503,484,E,G,0.3712,173
297,278,K,R,0.3712,68
143,124,S,N,0.3718,94
246,227,P,A,0.3722,45
281,262,S,N,0.3749,83
231,212,A,D,0.3756,120
147,128,A,R,0.3778,66
366,347,V,F,0.3781,133
54,35,E,*,0.3793,8
18,-2,D,N,0.3807,1
472,453,K,A,0.3815,42
391,372,A,Y,0.3830,49
375,356,Q,L,0.3837,104
266,247,S,A,0.3838,65
220,201,R,G,0.3852,109
557,538,A,S,0.3882,8
397,378,N,S,0.3901,20
18,-2,D,H,0.3901,1
239,220,R,H,0.3914,58
122,103,P,D,0.3939,85
122,103,P,W,0.3948,126
122,103,P,K,0.3963,123
391,372,A,V,0.3973,97
365,346,M,F,0.3979,151
141,122,N,Y,0.3985,168
27,8,N,D,0.3989,61
393,374,I,Q,0.4000,62
391,372,A,M,0.4017,34
383,364,A,T,0.4026,9
141,122,N,H,0.4042,72
143,124,S,D,0.4050,70
349,330,G,S,0.4051,1
163,144,S,Q,0.4055,99
393,374,I,S,0.4084,108
323,304,A,H,0.4084,66
235,216,N,E,0.4101,119
72,53,D,V,0.4135,1
126,107,S,T,0.4142,98
397,378,N,G,0.4158,55
221,202,I,V,0.4183,52
393,374,I,Y,0.4196,82
58,39,A,V,0.4216,3
263,244,L,M,0.4217,167
366,347,V,H,0.4238,153
261,242,I,S,0.4240,132
393,374,I,A,0.4258,38
122,103,P,Y,0.4258,88
391,372,A,F,0.4259,50
238,219,S,E,0.4262,58
472,453,K,W,0.4270,32
24,5,G,H,0.4297,55
410,391,K,R,0.4298,48
458,439,L,I,0.4303,11
141,122,N,D,0.4312,91
392,373,A,V,0.4326,59
460,441,D,G,0.4338,1
498,479,G,E,0.4339,55
207,188,D,L,0.4340,53
298,279,S,M,0.4344,56
235,216,N,K,0.4357,154
29,10,T,H,0.4376,24
366,347,V,R,0.4379,195
326,307,R,L,0.4394,38
393,374,I,V,0.4428,87
52,33,R,F,0.4446,36
337,318,T,L,0.4452,64
175,156,H,A,0.4460,43
140,121,K,Y,0.4516,140
263,244,L,A,0.4540,103
350,331,I,V,0.4559,48
40,21,P,E,0.4563,1
426,407,Q,R,0.4568,10
281,262,S,Y,0.4650,83
207,188,D,M,0.4650,53
215,196,A,G,0.4661,41
140,121,K,V,0.4672,94
549,530,A,T,0.4677,6
391,372,A,K,0.4677,33
140,121,K,F,0.4699,101
27,8,N,E,0.4710,58
404,385,I,V,0.4716,30
281,262,S,E,0.4768,65
472,453,K,Q,0.4781,45
263,244,L,F,0.4795,207
418,399,F,L,0.4797,9
140,121,K,H,0.4802,105
280,261,R,G,0.4869,148
539,520,F,S,0.4883,1
366,347,V,A,0.4895,167
156,137,F,S,0.4914,198
205,186,G,A,0.4922,119
498,479,G,D,0.4964,47
219,200,G,E,0.4970,1
263,244,L,Q,0.4983,121
207,188,D,I,0.4997,67
140,121,K,T,0.4998,149
143,124,S,E,0.5066,96
28,9,S,P,0.5118,20
60,41,E,*,0.5120,19
33,14,C,*,0.5147,6
410,391,K,I,0.5151,1
430,411,K,Q,0.5197,94
464,445,N,D,0.5201,2
366,347,V,N,0.5220,126
31,12,T,I,0.5230,15
238,219,S,K,0.5252,62
147,128,A,H,0.5265,27
276,257,Y,C,0.5283,2
509,490,V,D,0.5288,11
366,347,V,E,0.5299,195
33,14,C,R,0.5345,1
263,244,L,I,0.5358,178
460,441,D,E,0.5363,10
281,262,S,D,0.5385,75
324,305,C,S,0.5385,1
219,200,G,P,0.5396,81
498,479,G,S,0.5453,41
288,269,R,V,0.5468,51
366,347,V,L,0.5470,133
366,347,V,I,0.5474,122
141,122,N,E,0.5484,102
366,347,V,M,0.5500,124
164,145,S,P,0.5503,95
231,212,A,I,0.5527,73
528,509,S,L,0.5560,4
393,374,I,T,0.5632,72
279,260,I,L,0.5640,113
342,323,V,A,0.5654,2
366,347,V,Y,0.5671,94
263,244,L,Y,0.5684,233
138,119,E,V,0.5807,2
122,103,P,V,0.5836,144
123,104,D,N,0.5839,3
122,103,P,E,0.5851,75
238,219,S,M,0.5852,77
263,244,L,N,0.5856,137
82,63,N,S,0.5873,1
363,344,E,D,0.5910,221
124,105,Y,H,0.5913,3
147,128,A,N,0.5936,40
231,212,A,V,0.5943,100
164,145,S,A,0.5978,52
263,244,L,E,0.6060,82
459,440,T,A,0.6062,1
516,497,N,A,0.6087,22
277,258,F,Y,0.6103,150
244,225,D,G,0.6194,96
28,9,S,Q,0.6238,31
312,293,P,L,0.6246,5
186,167,T,A,0.6250,7
228,209,S,G,0.6306,1
532,513,D,N,0.6341,2
376,357,N,S,0.6349,1
461,442,S,A,0.6390,37
220,201,R,S,0.6462,74
57,38,N,V,0.6489,1
29,10,T,Y,0.6545,33
228,209,S,N,0.6560,3
239,220,R,G,0.6563,14
159,140,I,K,0.6707,65
264,245,I,V,0.6766,2
366,347,V,Q,0.6825,87
141,122,N,P,0.6889,63
111,92,R,W,0.7006,91
126,107,S,G,0.7048,43
488,469,I,M,0.7049,1
263,244,L,H,0.7236,171
255,236,I,T,0.7310,1
263,244,L,S,0.7419,179
16,-4,D,Y,0.7531,3
37,18,H,L,0.7762,1
87,68,D,G,0.7938,1
31,12,T,H,0.7965,1
231,212,A,T,0.7996,56
210,191,Q,*,0.8201,1
109,90,R,*,0.8206,7
366,347,V,S,0.8256,97
31,12,T,Q,0.8304,1
238,219,S,L,0.8456,57
121,102,V,M,0.8554,4
531,512,K,I,0.8556,1
184,165,N,K,0.8689,3
543,524,C,F,0.8765,4
328,309,V,A,0.8857,1
247,228,S,G,0.8955,1
240,221,P,S,0.9203,3
168,149,S,N,0.9328,1
415,396,E,G,0.9968,2
126,107,S,F,1.0227,1
11,-9,A,S,1.0278,1
249,230,I,M,1.0289,1
425,406,V,F,1.0322,3
343,324,P,L,1.0536,1
319,300,I,M,1.0660,2
21,2,K,R,1.0808,1
555,536,M,T,1.1310,1
3,-17,A,T,1.1434,1
496,477,C,G,1.1659,1
521,502,I,M,1.1887,1
560,541,K,I,1.2362,1
101,82,K,M,1.3202,2
350,331,I,A,1.4065,10
560,541,K,E,1.4109,1
558,539,C,S,1.4114,1
406,387,K,E,1.4228,1
344,325,E,G,1.4432,1
289,270,S,P,1.4640,1
158,139,C,S,1.4644,1
20,1,Q,E,1.5214,1
183,164,L,V,1.5311,1
541,522,I,T,1.5723,3
474,455,L,M,1.6483,4
422,403,E,K,1.6586,1
136,117,T,K,1.7008,2
237,218,G,E,1.7461,1
537,518,I,V,1.7953,1
476,457,E,G,1.8652,2
525,506,E,A,1.8816,1
492,473,C,Y,1.9503,2
422,403,E,G,1.9962,2
1,-19,M,I,2.0675,1
215,196,A,-,2.1814,2
477,458,N,D,2.2023,1
501,482,R,*,2.3212,1
49,30,T,*,2.4216,1
455,436,T,I,2.4234,1
127,108,L,R,2.7201,1
94,75,Q,*,2.7426,1
184,165,N,S,2.7696,1
397,378,N,I,3.2462,1
415,396,E,V,3.5032,1
515,496,L,S,3.9796,1
99,80,Q,*,3.9858,1
321,302,Y,S,5.0137,1
436,417,K,-,5.5326,1
