,site,wildtype,site_mean,site_Positive Differential Selection,mut_max,mut_min,label_site,protein_site,mutation,protein_chain,condition
0,1,Q,-0.002284364907449,0.0,-0.0003333741848217,-0.0071802774833361,1,1,F,A,1c04
1,2,K,-0.0002235053728961,0.0,-0.0001278342583724,-0.0003644747550673,2,2,F,A,1c04
2,3,I,-0.0001742138462272,0.2212277401514591,0.1508296529811334,-0.0613231968597937,3,3,F,A,1c04
3,4,P,0.0067792301180616,0.3229190742764112,0.1946256277688317,-0.0519415472308216,4,4,F,A,1c04
4,5,G,-0.0188258981659927,0.2010417581668835,0.109073770508043,-0.2525561928986717,5,5,F,A,1c04
5,6,N,0.0039439713908127,0.1920334443807678,0.18789110822711,-0.0350575457950574,6,6,F,A,1c04
6,7,D,0.0455839308753978,0.94108760835622,0.9198889546281956,-0.0645557856756907,7,7,F,A,1c04
7,8,N,0.01071065280848,0.4499572454064061,0.1684987591607871,-0.0900205807493919,8,8,F,A,1c04
8,9,S,-0.0070357740494909,0.0152204620621101,0.0134362696166722,-0.0505255885943975,9,9,F,A,1c04
9,10,T,0.0003643246118614,0.0356081035550476,0.0349271410007655,-0.015555528907786,10,10,F,A,1c04
10,11,A,-0.0019271555120888,0.0,-0.0003190533923181,-0.0052306981710798,11,11,F,A,1c04
11,12,T,-0.0050524211766577,0.0003628827767166,0.0003628827767166,-0.0343104601209392,12,12,F,A,1c04
12,13,L,-0.0009839520010435,0.0,-0.0001478362630406,-0.0031445708208433,13,13,F,A,1c04
13,14,C,-0.0002412563896444,0.0,-0.0001914995521299,-0.0002910132271588,14,14,F,A,1c04
14,15,L,-0.0095690197466242,0.0,-0.0026561852609035,-0.0164818542323449,15,15,F,A,1c04
15,16,G,-0.001037292522393,0.0,-0.0003340814683521,-0.0020624083769692,16,16,F,A,1c04
16,17,H,-0.0282476071882148,0.0,-0.0060627111585116,-0.050432503217918,17,17,F,A,1c04
17,18,H,-0.0038018020689845,0.0351373154216636,0.0267606131807438,-0.0443959435321413,18,18,F,A,1c04
18,19,A,-0.0164920833424448,0.0,-0.0002248734445051,-0.0369519642841384,19,19,F,A,1c04
19,20,V,0.0115801123460507,0.046320449384203,0.0434658362191561,0.0005785846977763,20,20,F,A,1c04
20,21,P,0.0152413708146236,0.3528789988977223,0.2748585797629881,-0.0318431069356922,21,21,F,A,1c04
21,22,N,-0.0253210353413328,0.0,-0.0001566309042873,-0.1839449262782625,22,22,F,A,1c04
22,23,G,-0.0095627214688912,0.0,-0.0013646591731392,-0.0177607837646432,23,23,F,A,1c04
23,24,T,-0.007268586974907,0.0,-6.530141351185413e-05,-0.0360428308501728,24,24,F,A,1c04
24,25,I,-0.0213806065588424,0.0,-0.001704541365589,-0.0835434118722343,25,25,F,A,1c04
25,26,V,-0.0009501496126152,0.0,-0.0003889056563752,-0.0015113935688551,26,26,F,A,1c04
26,27,K,-0.0092418094708149,0.0164279115949505,0.0164279115949505,-0.0311915528506342,27,27,F,A,1c04
27,28,T,-0.0014332496603727,0.0,-0.0004656681807622,-0.0024008311399832,28,28,F,A,1c04
28,29,I,-0.0277487783187359,0.0,-0.0027701131815244,-0.0994935581175632,29,29,F,A,1c04
29,30,T,-0.0110555314666586,0.0815372883725597,0.0576295291580454,-0.0612585700695731,30,30,F,A,1c04
30,31,N,0.011725085066543,0.3147240579874103,0.2526219518324327,-0.0216406793849882,31,31,F,A,1c04
31,32,D,-0.0206962270725895,0.0049060094403912,0.0049060094403912,-0.0666192336742118,32,32,F,A,1c04
32,33,R,-0.0085841158438004,0.0067605405801149,0.004615619913975,-0.0420130106998803,33,33,F,A,1c04
33,34,I,0.0132053005114525,0.1361063107510777,0.0817712100305873,-0.0260254406611032,34,34,F,A,1c04
34,35,E,-0.0198224458144786,0.000674895259135,0.000674895259135,-0.104007317757553,35,35,F,A,1c04
35,36,V,-0.0005420136942909,4.196998049298814e-05,4.196998049298814e-05,-0.0011259973690749,36,36,F,A,1c04
36,37,T,-0.0156023811153028,0.0087175982324423,0.0086908312891579,-0.0518497453002764,37,37,F,A,1c04
37,38,N,0.0763900450307509,1.2038681052275542,1.1325952029588966,-0.0418865223087768,38,38,F,A,1c04
38,39,A,-0.0028091748989957,0.0004955229072361,0.0004955229072361,-0.0091461997013676,39,39,F,A,1c04
39,40,T,0.0036097645733986,0.0777281132141738,0.0550706067822842,-0.0240777194357567,40,40,F,A,1c04
40,41,E,-0.0004972210068126,0.0,-0.0001571055568661,-0.0007626649852813,41,41,F,A,1c04
41,42,L,-0.0007224981092359,0.0,-0.0007224981092359,-0.0007224981092359,42,42,F,A,1c04
42,43,V,-0.0004571757345611,0.0,-0.0002081767542169,-0.0007061747149053,43,43,F,A,1c04
43,44,Q,0.0010997826767942,0.1340566621679412,0.106985623898302,-0.0885322894794478,44,44,F,A,1c04
44,45,N,-0.0125109290445721,0.0120847051978434,0.0120847051978434,-0.0604517493912334,45,45,F,A,1c04
45,46,S,-0.0102984631155949,0.0067481856438747,0.0052374553002904,-0.0369404127011038,46,46,F,A,1c04
46,47,S,-0.0053540382720784,0.0,-0.0009705960149327,-0.0234760137272231,47,47,F,A,1c04
47,48,I,-0.0221447710265315,0.0246941727765622,0.0246941727765622,-0.1179035140353741,48,48,F,A,1c04
48,49,G,-0.0075336774697675,0.0,-0.0004521208702245,-0.027055350120442,49,49,F,A,1c04
49,50,E,-0.0001979957101776,0.1879528441476153,0.102713417246503,-0.0702326627389613,50,50,F,A,1c04
50,51,I,0.0002627490016966,0.0005254980033932,0.0003041236113771,0.0002213743920161,51,51,F,A,1c04
51,53,D,0.1907475716394228,1.33523300147596,1.2635215872755865,0.0044504706609592,53,53,F,A,1c04
52,54,S,0.1732207338319481,2.1097904606108897,1.0680189197501897,-0.0311416546275119,54,54,F,A,1c04
53,55,P,-0.000623162819329,0.0,-0.0002238353600115,-0.0013748804334051,55,55,F,A,1c04
54,56,H,0.2958763312883506,1.7752579877301036,1.2031053118659694,0.0209783689189263,56,56,F,A,1c04
55,57,Q,0.3311713104811924,4.741016754924558,1.3765688688713915,-0.0430322697749011,57,57,F,A,1c04
56,58,I,-0.0131457323967381,0.0,-0.0131457323967381,-0.0131457323967381,58,58,F,A,1c04
57,59,L,-0.0187574211335011,0.0,-2.929095271296009e-05,-0.0479032352509871,59,59,F,A,1c04
58,61,G,-0.0219149901941004,0.0,-0.0219149901941004,-0.0219149901941004,61,61,F,A,1c04
59,62,G,-0.009319441835223,0.0087511990141047,0.0087511990141047,-0.0523631048392229,62,62,F,A,1c04
60,63,N,-0.0016080626638318,0.0,-0.0002255284142592,-0.0029905969134045,63,63,F,A,1c04
61,64,C,-0.0016130165652285,0.0,-0.0007089664633156,-0.0026270695129825,64,64,F,A,1c04
62,65,T,-0.0003480135178729,0.0,-0.0001894182959353,-0.0005066087398104,65,65,F,A,1c04
63,66,L,-0.0001351123413942,0.0,-0.0001208443915875,-0.000149380291201,66,66,F,A,1c04
64,67,I,0.0209472989055526,0.0651281986876969,0.0651281986876969,-0.0232336008765917,67,67,F,A,1c04
65,69,A,0.1048506501278268,0.5242532506391341,0.4871603223531695,0.0091044381812373,69,69,F,A,1c04
66,70,L,-0.0839428240601712,0.0,-0.0839428240601712,-0.0839428240601712,70,70,F,A,1c04
67,71,L,-0.0065974986512757,0.0,-0.0065974986512757,-0.0065974986512757,71,71,F,A,1c04
68,72,G,-0.0004063978857093,0.0,-0.0002202630624988,-0.0005209310025116,72,72,F,A,1c04
69,73,D,-0.0193905967539066,0.0,-0.0011820159476625,-0.1092004235467049,73,73,F,A,1c04
70,74,P,-0.0003747731887676,0.0,-6.560331583670954e-05,-0.0009029908751657,74,74,F,A,1c04
71,75,Q,-0.0321773076526394,0.0386115599280293,0.036928862324084,-0.1399967391334116,75,75,F,A,1c04
72,76,C,-9.528941891219084e-05,0.0,-9.528941891219084e-05,-9.528941891219084e-05,76,76,F,A,1c04
73,77,D,0.2276057828495161,0.9104231313980649,0.8335562732387058,0.0254423406958374,77,77,F,A,1c04
74,78,G,1.1186794140818617,5.593397070409308,3.0183360484206605,0.1915536438567719,78,78,F,A,1c04
75,79,F,0.0004090935192623,0.0016586627845581,0.0008948759914246,-2.22887075087224e-05,79,79,F,A,1c04
76,80,Q,0.0023046325147438,0.0147243332194292,0.0128472416856876,-0.0025602612776725,80,80,F,A,1c04
77,81,N,0.0179049995828008,0.038872418155474,0.038872418155474,-0.0030624189898723,81,81,F,A,1c04
78,82,K,1.898950469685092,17.09055422716583,3.0107096283874517,0.2629753663973114,82,82,F,A,1c04
79,83,K,0.3605796800153696,6.858988344534164,3.821862239969622,-0.0079744242421398,83,83,F,A,1c04
80,84,W,-0.0010572618804127,0.0005418202359461,0.0005418202359461,-0.0035363108825317,84,84,F,A,1c04
81,85,D,-0.0001839933757891,0.0,-0.0001144448797719,-0.0002750508113911,85,85,F,A,1c04
82,86,L,-0.0010889386679678,0.0008155063713019,0.0008155063713019,-0.0021207957278598,86,86,F,A,1c04
83,87,F,0.003953938647285,0.003953938647285,0.003953938647285,0.003953938647285,87,87,F,A,1c04
84,88,V,0.0065126829482419,0.019613094064409,0.0192812600955721,-7.504521968318048e-05,88,88,F,A,1c04
85,89,E,-0.0023242119949367,0.0,-0.000316668630067,-0.0082383388020595,89,89,F,A,1c04
86,90,R,-8.368822166683104e-05,0.0,-7.527584085041706e-05,-9.210060248324502e-05,90,90,F,A,1c04
87,91,S,-0.0504040456348694,0.0278235837138284,0.0278235837138284,-0.1812832684062341,91,91,F,A,1c04
88,92,R,0.029050038496495,0.8480431597942478,0.5108557305696572,-0.0565868950542198,92,92,F,A,1c04
89,93,A,-0.0002678056291874,0.0026154013192113,0.0026154013192113,-0.001834815997504,93,93,F,A,1c04
90,94,Y,0.0327498518826885,0.8047597196323091,0.3473567019838034,-0.1609528155752035,94,94,F,A,1c04
91,95,S,-0.0002701137765554,0.0,-0.0001468500655207,-0.0005074276781867,95,95,F,A,1c04
92,96,N,-0.037891416155873,0.0,-0.0022830337477242,-0.1028439285101793,96,96,F,A,1c04
93,97,C,-0.0001008800322637,0.0,-0.0001008800322637,-0.0001008800322637,97,97,F,A,1c04
94,98,Y,-0.0003187035859995,0.0,-0.0002709818678766,-0.0003664253041225,98,98,F,A,1c04
95,99,P,-0.0054725014222442,0.0,-0.0006005194558144,-0.0151200331258962,99,99,F,A,1c04
96,100,Y,0.0018122742902965,0.0018122742902965,0.0018122742902965,0.0018122742902965,100,100,F,A,1c04
97,101,D,-5.610007106119476e-05,0.0138081178432822,0.0137981638705097,-0.0138436750468722,101,101,F,A,1c04
98,102,V,-0.0029331347367972,0.0,-0.0005629347899767,-0.0075714016326578,102,102,F,A,1c04
99,103,P,0.0020891684228213,0.2841548047617964,0.2182045386518185,-0.137087165888968,103,103,F,A,1c04
100,104,D,0.0061270151461527,0.0249910369547418,0.0235349072559473,-0.0004829763701307,104,104,F,A,1c04
101,105,Y,-0.0055070982283309,0.0,-0.0007094204560096,-0.0103047760006523,105,105,F,A,1c04
102,106,A,0.0047594583902881,0.1721304759511658,0.0566491748946661,-0.0525036552569396,106,106,F,A,1c04
103,107,S,0.0157860467266398,0.1232552147977587,0.0865806591316911,-0.0052085453726452,107,107,F,A,1c04
104,108,L,-0.0074887468355515,0.0,-0.0016254166957287,-0.0133520769753742,108,108,F,A,1c04
105,109,R,0.0002591270150641,0.0012178278901382,0.0012178278901382,-0.0002763301318761,109,109,F,A,1c04
106,110,S,-0.0002345203341005,0.0004656518591324,0.0004656518591324,-0.0009346925273336,110,110,F,A,1c04
107,111,L,-0.0077211055794416,0.0,-0.0008041534572016,-0.0146380577016815,111,111,F,A,1c04
108,112,V,0.0341295964397939,0.0682591928795878,0.0650349610375759,0.0032242318420118,112,112,F,A,1c04
109,113,A,-0.0006883377038353,0.0,-0.000684187741342,-0.0006924876663287,113,113,F,A,1c04
110,114,S,0.0110590887907919,0.2476928365702068,0.1146647005062354,-0.0291344869488408,114,114,F,A,1c04
111,115,S,-0.0231675071458004,0.0,-0.0019273458528889,-0.0837580068270392,115,115,F,A,1c04
112,116,G,-0.0004052690281004,0.0004551583085217,0.0004551583085217,-0.0012987948308621,116,116,F,A,1c04
113,117,T,0.0481424592931433,0.0962849185862866,0.0864303527896065,0.0098545657966801,117,117,F,A,1c04
114,118,L,-0.0003793787614236,0.0,-0.0003793787614236,-0.0003793787614236,118,118,F,A,1c04
115,119,E,-0.0015355999891331,0.0,-0.0014308659131406,-0.0017179914909644,119,119,F,A,1c04
116,121,K,0.000199932558625,0.2985889061402541,0.1706539877896198,-0.0678365977170288,121,121,F,A,1c04
117,122,N,0.014752027442682,0.6307593148157343,0.4526169271521046,-0.1650772017300226,122,122,F,A,1c04
118,124,S,-0.0074393058264548,0.1473564452594839,0.0683950901552454,-0.0774320609716309,124,124,F,A,1c04
119,125,F,-0.0637565384165249,0.0,-0.0129800201730074,-0.1145330566600424,125,125,F,A,1c04
120,126,N,-0.0039794454970922,0.0,-0.0003780025722401,-0.0075808884219444,126,126,F,A,1c04
121,127,W,-0.0267002817675576,0.0,-0.0045261205752995,-0.0488744429598157,127,127,F,A,1c04
122,128,A,0.0107041694333352,0.2752113575320515,0.1861691740449314,-0.0307403328991807,128,128,F,A,1c04
123,129,G,-0.0002921631266841,5.9308148897171375e-05,5.9308148897171375e-05,-0.0007093087131584,129,129,F,A,1c04
124,130,V,-0.0002964277120071,0.0,-5.436923831577209e-05,-0.000648274618597,130,130,F,A,1c04
125,131,T,-0.0335413044333899,0.0006863007023067,0.0006863007023067,-0.1705088124640567,131,131,F,A,1c04
126,132,Q,-0.0399493761389127,0.0,-0.0037144797418225,-0.13719227488465,132,132,F,A,1c04
127,133,N,-0.0055696655748868,0.0,-0.0009819335436589,-0.0115669121895163,133,133,F,A,1c04
128,134,G,-0.0018657309589213,0.0,-0.0009874877160141,-0.0033673121534632,134,134,F,A,1c04
129,135,K,-0.0260609182256238,0.0628812215581255,0.0628812215581255,-0.2349755587132891,135,135,F,A,1c04
130,136,S,-0.0159227595640549,0.0,-0.0024569362077191,-0.0426821470610216,136,136,F,A,1c04
131,137,F,0.0087185462181248,0.0367038787327905,0.0251678823838037,-0.001829693860291,137,137,F,A,1c04
132,138,S,-0.0278994820850249,0.0016438680890651,0.0016438680890651,-0.0693552336043225,138,138,F,A,1c04
133,139,C,-0.0002048014043476,0.0,-7.598211247730254e-05,-0.0003322846221858,139,139,F,A,1c04
134,140,I,-0.0080253038983964,0.0101512985488572,0.0101512985488572,-0.0339046330161462,140,140,F,A,1c04
135,141,R,0.0031179820782201,0.0161293933366311,0.0140812293923134,-0.0004423630925309,141,141,F,A,1c04
136,142,G,0.0050836078716585,0.4638948870132041,0.3729417433829418,-0.1001903628883443,142,142,F,A,1c04
137,143,S,-0.0078711484597151,0.0292102875778781,0.0289163899730561,-0.094880921367091,143,143,F,A,1c04
138,144,S,-0.0009787819121937,0.2821870972089358,0.2018477916163569,-0.0677012226844083,144,144,F,A,1c04
139,145,S,-0.0177706924788754,0.0,-0.001181991592786,-0.0609461045953047,145,145,F,A,1c04
140,146,S,-4.632029148918439e-05,0.0,-4.632029148918439e-05,-4.632029148918439e-05,146,146,F,A,1c04
141,149,S,-0.0001529646464026,0.0,-0.0001529646464026,-0.0001529646464026,149,149,F,A,1c04
142,150,R,-0.0151049088261098,0.0,-0.0016052886066742,-0.0533294674502414,150,150,F,A,1c04
143,153,W,-0.0004471644400448,0.0,-0.0004471644400448,-0.0004471644400448,153,153,F,A,1c04
144,154,L,-0.0011442711158087,0.0,-0.0011442711158087,-0.0011442711158087,154,154,F,A,1c04
145,155,T,-0.0054244403343883,0.0020618042713089,0.0020618042713089,-0.0129106849400856,155,155,F,A,1c04
146,156,H,-0.0300141117579542,0.0,-0.0003864341457806,-0.1316124234761284,156,156,F,A,1c04
147,157,L,0.0337369709109069,0.6120307233504754,0.528382041970832,-0.0619747067630076,157,157,F,A,1c04
148,158,N,-0.0260681625764757,0.0,-0.0023236138617222,-0.0780925779387231,158,158,F,A,1c04
149,159,Y,-0.0421470825658459,0.797236648871703,0.402983147764997,-0.4669056473153006,159,159,F,A,1c04
150,160,T,-0.0101869228240047,0.5378243714747872,0.2209529166633892,-0.2834450045189786,160,160,F,A,1c04
151,161,Y,-0.0196547706139697,0.0,-0.0019614300279689,-0.0455442451129093,161,161,F,A,1c04
152,162,P,-0.0059707396500322,0.001097911893197,0.001097911893197,-0.0175787070003638,162,162,F,A,1c04
153,163,A,0.0173346073394769,0.4085842611916231,0.247732648370507,-0.0466448743840923,163,163,F,A,1c04
154,164,L,-0.0404297837057348,0.0,-0.0195474374506543,-0.0825144484218479,164,164,F,A,1c04
155,165,N,-0.0128864670181699,0.0,-0.0014072353179124,-0.0243656987184274,165,165,F,A,1c04
156,166,V,0.016528636901714,0.033057273803428,0.0300714995862815,0.0029857742171464,166,166,F,A,1c04
157,167,T,-0.0071645623360974,0.0,-0.0012903666325745,-0.0186950544779046,167,167,F,A,1c04
158,168,M,0.0079929267229254,0.0174555127605807,0.0174555127605807,-0.0014696593147297,168,168,F,A,1c04
159,169,P,-0.0006982549120787,0.0,-0.0001806302447692,-0.0014879385414335,169,169,F,A,1c04
160,171,K,0.0579870712213678,1.3716903835851026,0.9946597063926544,-0.1311256596574605,171,171,F,A,1c04
161,172,E,-0.0421498459107598,0.0,-0.0031945273553387,-0.1906330647575372,172,172,F,A,1c04
162,173,Q,0.0043702601461175,0.4063984759538859,0.2487734925276798,-0.1299142298751856,173,173,F,A,1c04
163,174,F,-0.0957139017436401,0.012763207123832,0.012763207123832,-0.2041910106111124,174,174,F,A,1c04
164,175,D,-0.0132905951796918,0.0,-0.0016002734434233,-0.0480571677890878,175,175,F,A,1c04
165,178,Y,-0.0004184700938919,0.0,-0.0004184700938919,-0.0004184700938919,178,178,F,A,1c04
166,179,I,-0.0569139249994352,0.0,-0.0569139249994352,-0.0569139249994352,179,179,F,A,1c04
167,180,W,-0.0013060421617513,0.0,-0.0004935322077598,-0.0021185521157428,180,180,F,A,1c04
168,181,G,-0.0050309866231696,0.0,-0.0012334993679222,-0.008828473878417,181,181,F,A,1c04
169,182,V,-0.0052473364242279,0.0,-0.0007700430929233,-0.013587050084044,182,182,F,A,1c04
170,183,H,-0.0111453745543893,0.0017175055645682,0.0017175055645682,-0.0975196203053471,183,183,F,A,1c04
171,184,H,-0.035350543723223,0.0140655650779575,0.0140655650779575,-0.1471769090683834,184,184,F,A,1c04
172,185,P,-0.0045637073905969,0.0,-0.0005852330672033,-0.0156737578576937,185,185,F,A,1c04
173,186,G,-0.0228627760879026,0.0318825189912757,0.0182237223505674,-0.1782653428307894,186,186,F,A,1c04
174,187,T,0.0215578094380753,0.180691298173542,0.1530362003613385,-0.0072542987802672,187,187,F,A,1c04
175,188,D,0.0129409051290496,0.3685146081268908,0.198611749858724,-0.0987362247273289,188,188,F,A,1c04
176,189,K,0.0720706985801802,1.33368132175605,1.1177708188750033,-0.0581132947262286,189,189,F,A,1c04
177,190,D,-0.037973561139662,0.002678988650054,0.00254148343183,-0.2267904483793318,190,190,F,A,1c04
178,191,Q,-0.0013813770046569,0.0,-0.0002344420942191,-0.0032475382101826,191,191,F,A,1c04
179,192,I,-0.0216896083189105,0.4921363574114635,0.3643923804995763,-0.2333577190139823,192,192,F,A,1c04
180,193,S,-0.0197416276289698,0.2224339805724983,0.1468835035663725,-0.1041400919227649,193,193,F,A,1c04
181,194,L,-0.0054677354102131,0.0,-0.0004351168193682,-0.0153490069544638,194,194,F,A,1c04
182,195,Y,-0.0286376592852805,0.0,-0.0012392414262559,-0.2637030976693417,195,195,F,A,1c04
183,196,A,-0.007076019908474,0.0307641590147909,0.0300193692232571,-0.0571942930704423,196,196,F,A,1c04
184,197,Q,0.0328953417049744,1.1360757463580555,0.657454753927147,-0.2480422485020597,197,197,F,A,1c04
185,198,S,0.0020583995819289,0.5390393971168799,0.2117958410815999,-0.2771496231757099,198,198,F,A,1c04
186,199,S,0.0283135652990989,0.5724305817433111,0.3959673406393635,-0.0380092142938915,199,199,F,A,1c04
187,200,G,-0.0294279846627714,0.0,-0.0014285681094697,-0.2049224009804178,200,200,F,A,1c04
188,201,R,-0.0026435397125917,0.1375754302529649,0.0333281027671634,-0.0801107400498042,201,201,F,A,1c04
189,202,I,0.0324594528882483,0.0649189057764966,0.0640699203023349,0.0008489854741617,202,202,F,A,1c04
190,203,T,0.016855176746631,0.2537838788372974,0.1897459983622791,-0.0614246867923635,203,203,F,A,1c04
191,205,S,-0.0001101236127688,0.0,-0.0001101236127688,-0.0001101236127688,205,205,F,A,1c04
192,207,K,0.0994103024287066,0.7445129391017375,0.586839380361008,-0.0311468117516874,207,207,F,A,1c04
193,208,R,0.0660734284468104,1.3953894963316884,1.1407591432520472,-0.197098762303245,208,208,F,A,1c04
194,209,S,-0.0109820611716432,0.0330388034766713,0.0330388034766713,-0.0831766371189701,209,209,F,A,1c04
195,210,Q,-0.0142110442236431,0.0,-0.0001920882608553,-0.0502673370246778,210,210,F,A,1c04
196,211,Q,-0.0002802342796833,0.0,-0.0002802342796833,-0.0002802342796833,211,211,F,A,1c04
197,212,A,0.0534545314600296,0.4319104541095249,0.4110993572118967,-0.0577287338893172,212,212,F,A,1c04
198,213,V,-0.0127445857359654,0.0,-0.0018530374631893,-0.0240546614313353,213,213,F,A,1c04
199,214,I,0.0192191528194575,0.444595960920416,0.4025963183186373,-0.0514951056232851,214,214,F,A,1c04
200,215,P,-0.0152074003352861,0.0,-0.0013490307502557,-0.0631901579578002,215,215,F,A,1c04
201,216,N,0.0783887620975535,1.3040620237799925,0.706689056949356,-0.0485571517653156,216,216,F,A,1c04
202,217,I,-0.0115313686446288,0.0,-0.0021479840545045,-0.0547932762409442,217,217,F,A,1c04
203,218,G,-0.0046501906025834,0.0887767063314912,0.0585020315704557,-0.0403115026102424,218,218,F,A,1c04
204,219,S,0.0005019638028383,0.1866321799411136,0.0530161217601391,-0.047146821265655,219,219,F,A,1c04
205,220,R,0.0710706978665081,1.5220244636654372,0.914409074841642,-0.0624537948617957,220,220,F,A,1c04
206,221,P,0.0041805202679813,0.0184102120797988,0.0153008074547849,-0.0016881310078734,221,221,F,A,1c04
207,222,R,-0.0427312734696789,0.0064854012136519,0.0044513985092839,-0.2772218660394338,222,222,F,A,1c04
208,223,I,-0.0144136323281494,0.0,-0.0033838921360655,-0.0310781592403624,223,223,F,A,1c04
209,224,R,-0.0371016052965922,0.0,-0.0020861426220454,-0.1072198353043012,224,224,F,A,1c04
210,225,D,-0.0254165240588428,0.0334260230523906,0.0334260230523906,-0.1073662195893219,225,225,F,A,1c04
211,226,I,-0.0353391109398352,0.0122400350022943,0.0114488489852439,-0.2125041475706576,226,226,F,A,1c04
212,227,P,-0.031002506046121,0.0093895555387487,0.0093895555387487,-0.148843383366301,227,227,F,A,1c04
213,228,S,-0.0456617243252238,0.0,-0.0038757698903924,-0.1290615805276724,228,228,F,A,1c04
214,229,R,-0.0261696446410992,0.0,-0.0056224641480574,-0.0521232768939016,229,229,F,A,1c04
215,230,I,-0.002502796852782,0.0,-0.000585367296061,-0.004420226409503,230,230,F,A,1c04
216,231,S,-0.0054025521139852,0.000376505214136,0.000376505214136,-0.016267578286063,231,231,F,A,1c04
217,233,Y,0.0162374989639649,0.0324749979279298,0.0293151853121304,0.0031598126157994,233,233,F,A,1c04
218,234,W,0.1293470991006778,0.6467354955033892,0.3700781110555796,0.0078169326462565,234,234,F,A,1c04
219,235,T,-5.998612683745023e-05,0.0,-4.8265072884728193e-05,-7.170718079017227e-05,235,235,F,A,1c04
220,236,I,0.0105176108057768,0.0210352216115536,0.0191468353589407,0.0018883862526129,236,236,F,A,1c04
221,238,K,-0.019252801945291,0.0,-0.0032399607531061,-0.0414282771273898,238,238,F,A,1c04
222,239,P,-0.0013409351418055,0.0,-0.0008358502438021,-0.001846020039809,239,239,F,A,1c04
223,240,G,0.001384898903457,0.001384898903457,0.001384898903457,0.001384898903457,240,240,F,A,1c04
224,241,D,-0.0001690624775188,0.0,-0.0001577942874862,-0.0001803306675514,241,241,F,A,1c04
225,242,I,0.0025705799534382,0.0423740887708235,0.0288080374768628,-0.0057712395928451,242,242,F,A,1c04
226,243,L,-0.0002147258917799,0.0,-0.0001989332461599,-0.0002317342034737,243,243,F,A,1c04
227,244,L,0.1029505612834845,1.2553580417049863,0.5002819529193328,-0.0474152279734252,244,244,F,A,1c04
228,245,I,0.047996985594373,0.047996985594373,0.047996985594373,0.047996985594373,245,245,F,A,1c04
229,246,N,0.0306647562980536,0.0613295125961072,0.0583046501979295,0.0030248623981776,246,246,F,A,1c04
230,247,S,-0.0221277630109295,0.0498280912420655,0.0498280912420655,-0.0979208942462734,247,247,F,A,1c04
231,248,T,-5.106569213203977e-05,0.0,-5.106569213203977e-05,-5.106569213203977e-05,248,248,F,A,1c04
232,249,G,-0.0010614740805053,0.0,-0.0010484182778336,-0.0010745298831771,249,249,F,A,1c04
233,251,L,-0.0026577883885315,0.0,-0.0004526167740447,-0.0070333352366206,251,251,F,A,1c04
234,253,A,-0.000138886556479,0.0,-7.321043283870344e-05,-0.0002045626801193,253,253,F,A,1c04
235,254,P,0.0005629158326138,0.0015611105536889,0.0015611105536889,-0.0004352788884612,254,254,F,A,1c04
236,255,R,-0.0073294410565582,0.0,-0.0029697168144413,-0.0116891652986752,255,255,F,A,1c04
237,256,G,-0.0001330468107809,0.0,-0.0001330468107809,-0.0001330468107809,256,256,F,A,1c04
238,257,Y,-0.0001001285970288,0.0,-9.304528632560336e-05,-0.0001072119077321,257,257,F,A,1c04
239,258,F,0.0471250891949884,0.1885003567799538,0.179272749376262,0.0026346389466063,258,258,F,A,1c04
240,259,K,0.0064386102543384,0.0324029926876587,0.0252300250116904,-0.000179853902324,259,259,F,A,1c04
241,260,I,-0.0146405988100658,0.0,-0.0017232924040543,-0.034644430308328,260,260,F,A,1c04
242,261,R,-0.0027352253879957,0.1815522918386451,0.0537582381333783,-0.0887027750333543,261,261,F,A,1c04
243,262,S,0.0685965558196491,0.987144747924248,0.5705144967354068,-0.0167688447952288,262,262,F,A,1c04
244,263,G,-0.0013237850734373,0.0,-4.605408286837995e-05,-0.0028567137147676,263,263,F,A,1c04
245,264,K,-0.0039593206409965,0.087151636932626,0.087151636932626,-0.0685240163753047,264,264,F,A,1c04
246,265,S,-0.0007958413887199,0.0,-0.0002635159730578,-0.0022633789719386,265,265,F,A,1c04
247,266,S,-0.0669176629352454,0.0,-0.0320919000496422,-0.1017434258208486,266,266,F,A,1c04
248,267,I,0.0219171186735711,0.0438342373471423,0.038990048901372,0.0048441884457702,267,267,F,A,1c04
249,268,M,-0.0083988557268619,0.0,-0.0013244122505658,-0.0189023768287999,268,268,F,A,1c04
250,269,R,0.0393417248310522,0.370946090506857,0.3481977209824291,-0.0168705670273871,269,269,F,A,1c04
251,270,S,0.242959912250593,0.242959912250593,0.242959912250593,0.242959912250593,270,270,F,A,1c04
252,271,D,-0.0091837344879711,0.0,-0.0008280715392279,-0.0175393974367142,271,271,F,A,1c04
253,272,A,0.0042993315728357,0.0457657765654227,0.0447984935100024,-0.0128109329697548,272,272,F,A,1c04
254,273,P,-0.0022648216595736,0.0,-0.0003231530098574,-0.004940860589491,273,273,F,A,1c04
255,275,G,0.1147823193097488,2.0850226402631007,0.9221471141120432,-0.195261429021038,275,275,F,A,1c04
256,276,K,-0.0129087227505727,0.0368427136759129,0.0368427136759129,-0.07969094012719,276,276,F,A,1c04
257,277,C,0.0002215197949657,0.0005286499177739,0.0005286499177739,-8.561032784239168e-05,277,277,F,A,1c04
258,278,K,0.0559289714299257,1.0414986406645332,0.5316721740292856,-0.0467709536777655,278,278,F,A,1c04
259,279,S,-0.0186736236424251,0.0625127543286836,0.0527956327710364,-0.2069109023621856,279,279,F,A,1c04
260,280,E,0.0029081968451519,0.1802270169349541,0.0788777712523848,-0.0568769195818461,280,280,F,A,1c04
261,281,C,-0.0001190761519866,0.0,-0.0001190761519866,-0.0001190761519866,281,281,F,A,1c04
262,282,I,0.0398017334087334,0.1622590381219176,0.1622590381219176,-0.0306764298352234,282,282,F,A,1c04
263,283,T,0.0028725960983662,0.0086177882950986,0.0082706179805648,0.0001524916000406,283,283,F,A,1c04
264,284,P,-0.0014269887222292,0.0,-0.0007114425042098,-0.0022167327621557,284,284,F,A,1c04
265,285,N,0.0002079678472643,0.0002079678472643,0.0002079678472643,0.0002079678472643,285,285,F,A,1c04
266,287,S,-0.0063810300989847,0.0006903112065023,0.0006903112065023,-0.0134523714044717,287,287,F,A,1c04
267,288,I,-0.0332943378374802,0.0,-0.012818068268898,-0.0537706074060625,288,288,F,A,1c04
268,289,P,-0.0084349832365076,0.0,-0.0006202495908819,-0.0420626338556265,289,289,F,A,1c04
269,290,N,-0.0027807611879693,0.0,-0.0003035126076208,-0.0106143188832757,290,290,F,A,1c04
270,291,D,-0.0165222776236396,0.0060941886081942,0.0060941886081942,-0.0753739681433659,291,291,F,A,1c04
271,292,K,0.029964837427269,0.059929674854538,0.0556024222684248,0.0043272525861132,292,292,F,A,1c04
272,293,P,-0.0004478124855531,0.0,-0.0001669781394663,-0.0007286468316399,293,293,F,A,1c04
273,294,F,0.0013559801697616,0.0013559801697616,0.0013559801697616,0.0013559801697616,294,294,F,A,1c04
274,295,Q,-0.0009553970821787,0.0,-0.0001862138319791,-0.0017245803323783,295,295,F,A,1c04
275,296,N,-0.0036516012408941,0.0,-0.0029836822188373,-0.0043195202629509,296,296,F,A,1c04
276,297,V,0.0214062535641584,0.0856250142566337,0.0807944691131697,0.0002464236342165,297,297,F,A,1c04
277,298,N,0.0111054593973285,0.0111054593973285,0.0111054593973285,0.0111054593973285,298,298,F,A,1c04
278,299,R,-0.0217928961422781,0.038035458889601,0.038035458889601,-0.0933118314789645,299,299,F,A,1c04
279,300,I,-0.0334418315759062,0.0,-0.001245062531972,-0.1797894920510963,300,300,F,A,1c04
280,301,T,0.0059758060169397,0.0455482594302808,0.0448006264567868,-0.0164153821666354,301,301,F,A,1c04
281,302,Y,-0.0049296590879236,0.0003763279906909,0.0003763279906909,-0.014590006386848,302,302,F,A,1c04
282,303,G,-0.0003846542079753,0.0,-0.0001317943660268,-0.0007756686740798,303,303,F,A,1c04
283,304,A,0.0200369622960706,0.3161800868763663,0.2231646412629749,-0.0365248632508212,304,304,F,A,1c04
284,305,C,-0.0001726516298472,0.0,-0.0001179193633078,-0.0002609550026537,305,305,F,A,1c04
285,306,P,-0.0001700497652126,0.0,-3.636933585196513e-05,-0.0003139542026989,306,306,F,A,1c04
286,307,R,0.0151310833125248,0.4897486057005106,0.2414881214782967,-0.1376186466895949,307,307,F,A,1c04
287,308,Y,-0.0181572365849443,0.0,-0.0018913467154907,-0.0344231264543979,308,308,F,A,1c04
288,309,V,0.0247897508410472,0.0495795016820944,0.0445328585732518,0.0050466431088426,309,309,F,A,1c04
289,310,K,0.008074260322243,0.1163425501027266,0.0585551749335216,-0.0429352840203288,310,310,F,A,1c04
290,311,Q,0.0503806290366125,1.097318628203066,0.7326030474213625,-0.0523233261275332,311,311,F,A,1c04
291,312,N,-0.0092769851848751,0.0628386805960327,0.035288078624538,-0.0950916380815283,312,312,F,A,1c04
292,313,T,-0.0230174231915574,0.0410400940904337,0.0410400940904337,-0.0870749404735485,313,313,F,A,1c04
293,314,L,-0.0016945011648019,0.0,-0.0005658951346258,-0.0032275845253864,314,314,F,A,1c04
294,315,K,-0.0184267247024235,0.0,-0.0018023972770593,-0.078439619522424,315,315,F,A,1c04
295,316,L,-0.0007413404774359,0.0,-0.0007413404774359,-0.0007413404774359,316,316,F,A,1c04
296,317,A,-0.0532418819905064,0.0,-0.0040623310376437,-0.1966158426534384,317,317,F,A,1c04
297,318,T,-0.0296168167427885,0.0,-0.0016340038191818,-0.0787464624893142,318,318,F,A,1c04
298,319,G,-0.0038584031370717,0.0,-0.0038584031370717,-0.0038584031370717,319,319,F,A,1c04
299,320,M,-0.0002947326683031,0.0,-0.0002947326683031,-0.0002947326683031,320,320,F,A,1c04
300,321,R,-0.0006648177630532,0.0,-0.0005544607861588,-0.0007751747399476,321,321,F,A,1c04
301,323,V,0.0002278401377069,0.0719048299344029,0.0664143199709308,-0.0217076151740311,323,323,F,A,1c04
302,324,P,-0.0204870153310307,0.0359369778573421,0.0359369778573421,-0.057734603311557,324,324,F,A,1c04
303,325,E,-0.0146478560281232,0.0,-0.0029263869453127,-0.036265926243881,325,325,F,A,1c04
304,326,K,-0.022339169639914,0.1409275320066573,0.0620728233365836,-0.3302835305888347,326,326,F,A,1c04
305,327,Q,0.01443343489202,0.1556015948640225,0.1145386865654409,-0.0272209588292039,327,327,F,A,1c04
306,328,T,-0.0261309737332838,0.0024728655822883,0.0024728655822883,-0.0690723450468948,328,328,F,A,1c04
307,329,R,0.0263506061448809,0.0527012122897619,0.0477583650835982,0.0049428472061637,329,329,F,A,1c04
308,330,G,-0.0039709331385139,0.0,-0.0002407642387457,-0.0104008725461127,330,330,F,A,1c04
309,331,I,-0.0321183379847895,0.0501769933026129,0.0501769933026129,-0.2299800918259021,331,331,F,A,1c04
310,332,F,-0.0043929287151018,0.0,-0.000527784858014,-0.0082580725721896,332,332,F,A,1c04
311,333,G,0.0635577886269897,0.5725551245495512,0.3656480903854724,-0.0005350269066435,333,333,F,A,1c04
312,334,A,-0.055507438479997,0.0,-0.0031122481847462,-0.2407703448131585,334,334,F,A,1c04
313,335,I,0.6279847252551919,1.883954175765576,1.6338548657289989,0.1142757904200024,335,335,F,A,1c04
314,336,A,-9.423489701256428e-05,0.0001642013097738,0.0001642013097738,-0.0003604849525199,336,336,F,A,1c04
315,337,G,-0.0011434206349384,0.0,-0.0003020735752353,-0.0021446994250257,337,337,F,A,1c04
316,338,F,-0.0006741160368195,0.0,-0.0002477950186389,-0.0011004370550001,338,338,F,A,1c04
317,339,I,-0.0030991827013056,0.0,-0.0008744173171552,-0.0062333217558769,339,339,F,A,1c04
318,340,E,-8.492102887077259e-05,0.0,-8.492102887077259e-05,-8.492102887077259e-05,340,340,F,A,1c04
319,341,N,0.0015151912279423,0.0335199176106308,0.0335199176106308,-0.030489535154746,341,341,F,A,1c04
320,342,G,-0.0002053750693159,0.0,-0.0002053750693159,-0.0002053750693159,342,342,F,A,1c04
321,343,W,-0.0023644668160635,0.0,-0.0020183551667681,-0.0027105784653589,343,343,F,A,1c04
322,344,E,-0.016639364958152,0.0558376603012834,0.0558376603012834,-0.0907118162221931,344,344,F,A,1c04
323,345,G,-0.0131131749769875,0.0,-0.0012709674916722,-0.0458894566742426,345,345,F,A,1c04
324,346,M,0.0566007501349066,0.1701177127780609,0.1700929168240639,-0.000315462373341,346,346,F,A,1c04
325,347,V,0.0071521533456136,0.5559504557864094,0.3985957302359763,-0.1969335270791866,347,347,F,A,1c04
326,348,D,-0.00914832748598,0.0,-0.0015473834155306,-0.0167492715564295,348,348,F,A,1c04
327,349,G,-0.0047973018101892,0.0,-0.001471634367182,-0.0081229692531963,349,349,F,A,1c04
328,350,W,-0.0044274987956501,0.0,-0.0007026028777528,-0.0081523947135474,350,350,F,A,1c04
329,351,Y,-0.000304022252556,0.0,-0.000304022252556,-0.000304022252556,351,351,F,A,1c04
330,352,G,-0.0001723419773924,2.8800085568152518e-05,2.8800085568152518e-05,-0.0003441284914101,352,352,F,A,1c04
331,353,F,-0.0106933101338966,0.0,-0.0018022898010817,-0.0281218002134055,353,353,F,A,1c04
332,354,R,-0.0232702843896098,0.0,-0.0006111627649097,-0.0586285501205786,354,354,F,A,1c04
333,355,H,-0.0001802264506399,0.0,-7.845030986988071e-05,-0.00028200259141,355,355,F,A,1c04
334,356,Q,0.0012684455981192,0.194287302107602,0.1784191875865776,-0.0437589494836279,356,356,F,A,1c04
335,358,S,-0.0444846491173818,0.0243778930536361,0.0234557375084916,-0.364732707914867,358,358,F,A,1c04
336,359,E,-0.0129452392593783,0.0328656241056784,0.0328656241056784,-0.0634710458817214,359,359,F,A,1c04
337,360,G,-0.011719881845195,0.0,-0.0014367216573532,-0.0320369198389752,360,360,F,A,1c04
338,361,R,0.0634882197829182,1.312151057361373,0.8905567358934093,-0.0998682399839735,361,361,F,A,1c04
339,362,G,-0.0010155093177472,0.0,-0.0009853500380696,-0.0010456685974249,362,362,F,A,1c04
340,363,Q,-0.0335987240988289,0.0131629356603301,0.0131629356603301,-0.1502131242281189,363,363,F,A,1c04
341,364,A,-0.0025002656356384,0.0528681735703475,0.0528681735703475,-0.061986516419945,364,364,F,A,1c04
342,365,A,-0.0020879637293821,0.0,-0.0003628076272604,-0.0068664393628894,365,365,F,A,1c04
343,367,L,-0.0180379482251419,0.0,-0.0007361952204125,-0.0666846343950079,367,367,F,A,1c04
344,368,K,0.0556028453730004,1.1651938875394146,0.9889329074773474,-0.0488392355608265,368,368,F,A,1c04
345,369,S,-0.0058080522207824,0.0093213294360479,0.0093213294360479,-0.0384501059608017,369,369,F,A,1c04
346,370,T,-0.0001687426236681,0.0,-0.0001687426236681,-0.0001687426236681,370,370,F,A,1c04
347,371,Q,-0.0107942321786029,0.0505272240444178,0.0505272240444178,-0.044787577103807,371,371,F,A,1c04
348,372,A,0.0092126178255686,0.1642615046793995,0.0855145565756074,-0.0050306476052911,372,372,F,A,1c04
349,373,A,-0.0279903825345218,0.0498283760958548,0.0296110452137563,-0.1330453935495369,373,373,F,A,1c04
350,374,I,0.042227803782126,0.8697516574332657,0.8381270990403703,-0.1768641897307874,374,374,F,A,1c04
351,375,D,0.1211208648644178,1.152197620112431,0.4572009879846224,-0.0567800840300819,375,375,F,A,1c04
352,376,Q,-0.0111797978344286,0.055582256987517,0.0554329005082264,-0.0528080603958158,376,376,F,A,1c04
353,377,I,-0.0020226675240195,0.0,-0.0015052129539207,-0.0025401220941183,377,377,F,A,1c04
354,378,N,-0.0002096256370581,0.0089165585296568,0.0067285981434367,-0.0025588852545387,378,378,F,A,1c04
355,379,G,0.0020992608945586,0.382890055375193,0.3174409349306205,-0.2164328335751723,379,379,F,A,1c04
356,380,K,-0.0006133314185647,0.0012259383631054,0.0012259383631054,-0.0014708125020537,380,380,F,A,1c04
357,381,L,-0.0061933134421061,0.0018122817278122,0.0011246242059624,-0.0383958582382642,381,381,F,A,1c04
358,382,N,-0.0095681309015381,0.033090586567872,0.0210276595383274,-0.0345519407918928,382,382,F,A,1c04
359,383,R,-0.0171392056700998,0.0,-0.0006695140638526,-0.04930081915365,383,383,F,A,1c04
360,384,L,0.0002666775230537,0.0168523855510686,0.0168523855510686,-0.0104782700255219,384,384,F,A,1c04
361,385,I,-0.0038586756051502,0.0,-0.0005292934509323,-0.0102850987916963,385,385,F,A,1c04
362,386,G,0.0080393452886451,0.2763295944988478,0.2148961367546475,-0.02895964898387,386,386,F,A,1c04
363,387,K,0.0007623587795884,0.0321886589266944,0.027433421608695,-0.0144750027526099,387,387,F,A,1c04
364,388,T,-0.0034627674933939,0.0682184522834478,0.0355016058241633,-0.0901360056438508,388,388,F,A,1c04
365,389,N,-0.0094772303957109,0.0,-0.001787656782716,-0.0423529615996591,389,389,F,A,1c04
366,390,E,-0.0016225805361013,0.1062061204239461,0.0840453040578197,-0.0573268843552729,390,390,F,A,1c04
367,391,K,-0.009881690961784,0.0654320479087605,0.0654320479087605,-0.0869807228469402,391,391,F,A,1c04
368,392,F,0.0478920571059495,0.191640253443902,0.1828754376726858,-7.202502010393978e-05,392,392,F,A,1c04
369,393,H,-0.000117341338694,0.0,-8.629641188661675e-05,-0.0001483862655014,393,393,F,A,1c04
370,394,Q,-0.0077374173832645,0.0006136899986388,0.0006136899986388,-0.041175221019076,394,394,F,A,1c04
371,395,I,-0.000110692406507,0.0,-0.000110692406507,-0.000110692406507,395,395,F,A,1c04
372,396,E,-0.0001201436862859,0.0,-0.0001201436862859,-0.0001201436862859,396,396,F,A,1c04
373,397,K,-0.0019755190103231,0.0,-0.0019755190103231,-0.0019755190103231,397,397,F,A,1c04
374,398,E,-0.0068226362207588,0.0,-0.0004592882713305,-0.0165447933455501,398,398,F,A,1c04
375,399,F,0.0070612354338715,0.0548280560980591,0.0512620384716591,-0.0081533477935715,399,399,F,A,1c04
376,400,S,-0.0101225067051856,0.0846107198953796,0.0832778853686914,-0.1321275026186192,400,400,F,A,1c04
377,401,E,-0.0021767497451362,0.0435387805007828,0.0354063318999918,-0.0432051512145686,401,401,F,A,1c04
378,402,V,-0.0415094374326927,0.0834342107099146,0.0834342107099146,-0.4297560679596371,402,402,F,A,1c04
379,403,E,-0.0080338459481413,0.0031771353879329,0.0031771353879329,-0.0301707232968939,403,403,F,A,1c04
380,404,G,-0.0016792395110157,0.0014815790362653,0.0014815790362653,-0.0050759982384798,404,404,F,A,1c04
381,405,R,-0.002196745841175,0.0,-0.0009751244845428,-0.0045135836173217,405,405,F,A,1c04
382,406,V,0.0340910484608888,0.3417371324685053,0.2350516668190182,-0.0606708601017265,406,406,F,A,1c04
383,407,Q,0.3548966058920593,1.4195864235682374,1.2559120013839724,0.0407190313194266,407,407,F,A,1c04
384,408,D,-0.0010607765402271,0.0,-0.0002556704867123,-0.001865882593742,408,408,F,A,1c04
385,409,L,-0.0006811661571686,0.0008394001336308,0.000423164059797,-0.0024569776567946,409,409,F,A,1c04
386,410,E,0.0373447219568381,0.2257307082336945,0.2151933253314575,-0.0016623764926658,410,410,F,A,1c04
387,411,K,0.0467786552021765,0.6005326090225198,0.4336474852724977,-0.0838443063165909,411,411,F,A,1c04
388,412,Y,0.0150287408701162,0.0450862226103487,0.0412655434771739,0.001720318670915,412,412,F,A,1c04
389,413,V,0.0065625163448121,0.0344174599128148,0.0333420037053095,-0.0009100815088219,413,413,F,A,1c04
390,414,E,-0.0011289640675687,0.0,-0.000724327552025,-0.0015336005831124,414,414,F,A,1c04
391,415,D,-0.0396170091949774,0.0,-0.003638916233973,-0.1324318095798332,415,415,F,A,1c04
392,416,T,-0.0125317051569128,0.0921911419705543,0.0921911419705543,-0.1056086675509008,416,416,F,A,1c04
393,417,K,-0.0023354452766384,0.0,-0.0023354452766384,-0.0023354452766384,417,417,F,A,1c04
394,418,I,-0.000724822590093,0.0006337990639086,0.0006337990639086,-0.0027950091600769,418,418,F,A,1c04
395,419,D,0.0001354213264188,0.0008466285942438,0.0008466285942438,-0.000575785941406,419,419,F,A,1c04
396,420,L,-0.0124123284034984,0.0,-0.0017864995274351,-0.0207947598540014,420,420,F,A,1c04
397,421,W,-0.0008207307666585,0.0,-0.0004932183820706,-0.0011482431512464,421,421,F,A,1c04
398,422,S,-0.0001668075868111,0.0,-0.0001668075868111,-0.0001668075868111,422,422,F,A,1c04
399,423,Y,-0.0052660682626311,0.0,-0.0007311219323735,-0.0138626629120296,423,423,F,A,1c04
400,424,N,-0.0003035559931447,0.0,-0.0001165755707614,-0.000490536415528,424,424,F,A,1c04
401,425,A,-0.0003054975659414,4.445776882130968e-06,4.445776882130968e-06,-0.0005429807555706,425,425,F,A,1c04
402,426,E,0.0148137495664035,0.029627499132807,0.0282619291295114,0.0013655700032955,426,426,F,A,1c04
403,427,L,-0.0296017295846753,0.0,-0.0024515188739089,-0.0824865045500007,427,427,F,A,1c04
404,428,L,0.0002491262189236,0.1540028447852846,0.1540028447852846,-0.1253020714996079,428,428,F,A,1c04
405,429,V,-0.0001110894246532,8.951458392122878e-05,8.951458392122878e-05,-0.0003116934332277,429,429,F,A,1c04
406,430,A,-0.0150614860603784,0.007179851199985,0.007179851199985,-0.0833259536023997,430,430,F,A,1c04
407,431,L,-0.0278528603435461,0.0327847843185192,0.0327847843185192,-0.1366096835523758,431,431,F,A,1c04
408,432,E,-0.0193248846870637,0.0,-0.0017960905304339,-0.0509102319155591,432,432,F,A,1c04
409,433,N,-7.712326204706746e-05,0.0,-7.712326204706746e-05,-7.712326204706746e-05,433,433,F,A,1c04
410,434,Q,-0.0080592755019789,0.0,-0.000871536187824,-0.0141942484401546,434,434,F,A,1c04
411,435,H,-0.0332374814344836,0.0,-0.0034730176783963,-0.0669212896003542,435,435,F,A,1c04
412,436,T,7.090087265532908e-05,0.0002156560724023,0.0002156560724023,-7.385432709173834e-05,436,436,F,A,1c04
413,437,I,0.0054158964080099,0.0137377454383901,0.0137377454383901,-0.0029059526223703,437,437,F,A,1c04
414,438,D,0.0372416550325442,0.3304199615432154,0.3253226804083227,-0.0996341131223297,438,438,F,A,1c04
415,439,L,0.0043244633519614,0.0612981437432903,0.0606413894064887,-0.0140209114030201,439,439,F,A,1c04
416,440,T,-0.0064253043802803,0.0013700805457348,0.0013700805457348,-0.0293004365129029,440,440,F,A,1c04
417,441,D,0.0113989384146458,0.0455957536585832,0.0328500231944438,0.0003789487261195,441,441,F,A,1c04
418,442,S,0.0379226713287477,0.7297930269224746,0.3380050483416096,-0.0482196591797077,442,442,F,A,1c04
419,443,E,-0.0056425682461917,0.0423616693709971,0.0423616693709971,-0.0830985435532708,443,443,F,A,1c04
420,444,M,-5.853065139944744e-05,0.0008231914654665,0.0008231914654665,-0.000682998899037,444,444,F,A,1c04
421,445,N,-0.0077306134757679,0.0021424258604049,0.0017453610413606,-0.0347917082384597,445,445,F,A,1c04
422,446,K,1.8500221490580504e-05,0.0494139582761877,0.0315402644433529,-0.0290858088919133,446,446,F,A,1c04
423,447,L,-0.0001623489808537,0.0,-0.0001623489808537,-0.0001623489808537,447,447,F,A,1c04
424,448,F,0.0116153789801595,0.0773319597259481,0.0772455966895891,-0.0424858227854694,448,448,F,A,1c04
425,449,E,-0.0050993015744615,0.0660521145260353,0.0640007025741181,-0.0394017293049626,449,449,F,A,1c04
426,450,K,-0.0106285917389274,0.0497090156911464,0.0488654820105922,-0.071508223036225,450,450,F,A,1c04
427,451,T,0.2069151710510716,0.2069151710510716,0.2069151710510716,0.2069151710510716,451,451,F,A,1c04
428,452,K,-0.0032271119639209,0.0,-0.0002942706011651,-0.0046854828089762,452,452,F,A,1c04
429,453,K,0.0125977141070106,0.2434049302531166,0.0912846951105385,-0.0100321314060718,453,453,F,A,1c04
430,454,Q,0.0099297519693157,0.1355008862344935,0.1213093884889565,-0.0267532269744733,454,454,F,A,1c04
431,455,L,-0.0002862028191867,0.0,-0.0002862028191867,-0.0002862028191867,455,455,F,A,1c04
432,456,R,0.0443752603888375,0.3223120089179112,0.3073555749862577,-0.0560604465848858,456,456,F,A,1c04
433,457,E,-0.0005358118428564,0.0,-0.0005182570559675,-0.0005498157982679,457,457,F,A,1c04
434,459,A,-0.0009402809997624,0.0,-0.0002167239605829,-0.00173129257394,459,459,F,A,1c04
435,460,E,-0.0061982075323074,0.0,-0.0005273427509084,-0.0236010682098525,460,460,F,A,1c04
436,461,D,-0.0039289512931699,0.0005975050379604,0.0005975050379604,-0.0097714510209955,461,461,F,A,1c04
437,462,M,-0.0214513694846004,0.0957830817968898,0.0957830817968898,-0.1752341382616778,462,462,F,A,1c04
438,463,G,-0.014872673080233,0.0,-0.0008883030552549,-0.033094680830683,463,463,F,A,1c04
439,464,N,-0.0357426499353131,0.0,-0.0091500510629289,-0.0623352488076973,464,464,F,A,1c04
440,465,G,0.0008882592365984,0.0008882592365984,0.0008882592365984,0.0008882592365984,465,465,F,A,1c04
441,466,C,-0.0015038894602214,0.0,-0.0009556050238594,-0.0020521738965834,466,466,F,A,1c04
442,467,F,0.0015352646149046,0.0015352646149046,0.0015352646149046,0.0015352646149046,467,467,F,A,1c04
443,468,K,-0.0254228231223974,0.0,-0.001673197596709,-0.104172277820109,468,468,F,A,1c04
444,469,I,-0.0012449194952159,0.0,-0.0002698623390242,-0.0032995415149211,469,469,F,A,1c04
445,470,Y,-0.0110421699170964,0.0047793537558517,0.0047192387425535,-0.0629838564340311,470,470,F,A,1c04
446,471,H,-0.0143713336026891,0.0,-0.0012899049101504,-0.0511197021274785,471,471,F,A,1c04
447,472,K,-0.0185382114754857,0.0280469559486107,0.0280469559486107,-0.0986499533022671,472,472,F,A,1c04
448,473,C,0.0003252149621371,0.0003252149621371,0.0003252149621371,0.0003252149621371,473,473,F,A,1c04
449,474,D,-0.0026665901064343,0.0,-0.0006252359122397,-0.0066405915030282,474,474,F,A,1c04
450,475,N,-0.0033517360603909,0.0,-0.0033517360603909,-0.0033517360603909,475,475,F,A,1c04
451,476,A,0.0089223405590102,0.3723314260393771,0.1096883775102452,-0.1326941455532884,476,476,F,A,1c04
452,477,C,0.0002335389571761,0.0004670779143522,0.0004377293095787,2.934860477351666e-05,477,477,F,A,1c04
453,478,I,0.0020022404899095,0.0040500562149339,0.0040500562149339,-4.5575235114925125e-05,478,478,F,A,1c04
454,479,G,0.0944455580257511,1.863863165160772,0.982568225653987,-0.0951795427728492,479,479,F,A,1c04
455,480,S,-0.0107577849483026,0.0025394691193467,0.0024320294735342,-0.045050606356747,480,480,F,A,1c04
456,481,I,-0.0002210278056074,0.0007750759259313,0.0007750759259313,-0.0013188455555346,481,481,F,A,1c04
457,482,R,-0.000242976450903,0.0591127231084554,0.0584965185921084,-0.0293121659509502,482,482,F,A,1c04
458,483,N,-0.0149174482442448,0.0,-0.0149174482442448,-0.0149174482442448,483,483,F,A,1c04
459,484,E,-0.0033561248865697,0.0074829112550937,0.007464507179479,-0.0153667452411738,484,484,F,A,1c04
460,485,T,-0.0004269234887795,0.0,-0.0002838441273394,-0.0005700028502197,485,485,F,A,1c04
461,486,Y,-0.0039747380567604,0.0,-0.0006565809595452,-0.0099279090103056,486,486,F,A,1c04
462,487,D,-0.0034953754740916,0.0006348128083474,0.0006348128083474,-0.0187505307471748,487,487,F,A,1c04
463,488,H,-0.0059594893500447,7.175633079835419e-05,7.175633079835419e-05,-0.0323311644175184,488,488,F,A,1c04
464,489,N,-0.0026657486577203,0.0924761049285197,0.069069172316411,-0.0811849145923179,489,489,F,A,1c04
465,490,V,0.008720285991103,0.1962001648095092,0.1439580577219933,-0.0320455944648317,490,490,F,A,1c04
466,491,Y,-0.0009887111138821,0.0,-0.0003116554462274,-0.0021700756132271,491,491,F,A,1c04
467,492,R,-0.0008618927556113,0.0,-0.0002015211875004,-0.0018620740234882,492,492,F,A,1c04
468,493,D,-0.0163057614788063,0.0,-0.0006856440171227,-0.0708084808837075,493,493,F,A,1c04
469,494,E,-0.0042327221308679,0.0023120845046818,0.0023120845046818,-0.0175077222452825,494,494,F,A,1c04
470,495,A,-0.0048779602018404,0.0,-0.0005730319147626,-0.0132885432365705,495,495,F,A,1c04
471,496,L,0.0030773553532305,0.0232565594464472,0.0229509355774461,-0.0031619613868681,496,496,F,A,1c04
472,497,N,-0.0007233137701486,0.0778120860149012,0.0368128228079155,-0.0406013550165006,497,497,F,A,1c04
473,498,N,-0.0022920145857717,0.0048636362546729,0.0034463962715448,-0.0130890635126084,498,498,F,A,1c04
474,499,R,-0.0019331086253508,0.0,-0.0005231032625953,-0.0045317991101656,499,499,F,A,1c04
475,500,F,-0.0043190378765351,0.0005190764624194,0.0005190764624194,-0.0150467994244512,500,500,F,A,1c04
476,501,Q,0.0032440626513243,0.1311744254731946,0.0939013661277816,-0.0442949219633554,501,501,F,A,1c04
477,502,I,-0.019027204049016,0.0,-0.0028071547017681,-0.0352472533962638,502,502,F,A,1c04
478,503,K,-0.0083622072999061,0.03488073753317,0.028117942523116,-0.0874406406900022,503,503,F,A,1c04
479,504,G,-0.0286573627691076,0.0268109705189375,0.0258123700831028,-0.2887224276779824,504,504,F,A,1c04
480,505,V,-9.993690498586496e-05,0.0,-3.941107983818162e-05,-0.0001604627301335,505,505,F,A,1c04
481,506,E,1.1620294737474751e-05,0.0013853079819285,0.0013853079819285,-0.0006829313293365,506,506,F,A,1c04
482,507,L,0.0012486291924579,0.0037458875773739,0.0036689061428194,2.3636818795876687e-05,507,507,F,A,1c04
483,508,K,-8.4018802553489e-05,0.0,-8.0713460769749e-05,-8.732414433722901e-05,508,508,F,A,1c04
484,509,S,-0.009951725983413,0.0,-0.009951725983413,-0.009951725983413,509,509,F,A,1c04
485,510,G,-0.0001791541329238,0.0,-0.0001257942658667,-0.0002348929280562,510,510,F,A,1c04
486,512,K,-0.0001028628507351,0.0,-6.432357843821195e-05,-0.0001236608670726,512,512,F,A,1c04
487,513,D,-0.0004982344678631,0.0,-0.000220426341339,-0.0007760425943872,513,513,F,A,1c04
488,514,W,-0.0049585069299467,0.0,-0.0011770861641523,-0.008739927695741,514,514,F,A,1c04
489,516,L,-0.0626107651239713,0.0,-0.0090677074830215,-0.1346064961481915,516,516,F,A,1c04
490,517,W,0.0002545912415453,0.0009493158751233,0.0009493158751233,-0.0004401333920326,517,517,F,A,1c04
491,518,I,1.2441428142499056e-05,1.2441428142499056e-05,1.2441428142499056e-05,1.2441428142499056e-05,518,518,F,A,1c04
492,519,S,-0.0294447125292007,0.0,-0.0024473596052923,-0.0467893234667396,519,519,F,A,1c04
493,520,F,-0.0003503448471338,0.0,-9.62393076334982e-05,-0.0010684357163652,520,520,F,A,1c04
494,521,A,-0.0081253512615283,0.0,-0.0008712416191432,-0.0350307165675152,521,521,F,A,1c04
495,522,I,-8.429801844700172e-05,0.0,-8.429801844700172e-05,-8.429801844700172e-05,522,522,F,A,1c04
496,523,S,-0.0141067855816508,0.0,-0.0015115443913521,-0.0267020267719495,523,523,F,A,1c04
497,524,C,-0.0002612854691204,0.0,-0.0001252555858079,-0.0004787140047571,524,524,F,A,1c04
498,525,F,0.018035606137776,0.0360712122755521,0.0327273870306222,0.0033438252449298,525,525,F,A,1c04
499,526,L,-0.0010371632319691,0.0,-0.0002527614565484,-0.0020059076419769,526,526,F,A,1c04
500,527,L,-0.001173416728166,0.0,-0.0001766534412365,-0.0021701800150954,527,527,F,A,1c04
501,528,C,-0.0002167942128328,0.0,-0.0001718796615955,-0.0002617087640701,528,528,F,A,1c04
502,529,V,-0.0014265052639775,0.0,-0.0013337936580635,-0.0015192168698914,529,529,F,A,1c04
503,530,A,-0.0004009910501422,0.0,-0.000207825416887,-0.0006578331252929,530,530,F,A,1c04
504,531,L,-0.0003728181817835,0.0,-0.0003728181817835,-0.0003728181817835,531,531,F,A,1c04
505,532,L,-0.0003686958949423,0.0,-0.0001219098959,-0.0006154818939846,532,532,F,A,1c04
506,533,G,0.0085084156728304,0.03992865551641,0.03992865551641,-0.022911824170749,533,533,F,A,1c04
507,536,M,0.0214869567281102,0.0644608701843307,0.0587299620653442,0.0026967153013825,536,536,F,A,1c04
508,537,W,-0.0029545064523109,0.0,-0.0002017085233998,-0.0079000292981402,537,537,F,A,1c04
509,538,A,-0.0045700228654807,0.0,-8.230027109704909e-05,-0.016043041641909,538,538,F,A,1c04
510,539,C,0.0004697527126326,0.0020255528419036,0.0020255528419036,-6.668405961940537e-05,539,539,F,A,1c04
511,540,Q,-0.0009397046322597,0.0,-0.0006583661761544,-0.0012267636389679,540,540,F,A,1c04
512,541,K,-7.697532778245114e-05,0.0,-5.657540587602558e-05,-9.714683742173337e-05,541,541,F,A,1c04
