site,wildtype,site_mean,site_Positive Differential Selection,mut_max,mut_min,label_site,mutation,condition,protein_chain,protein_site
1,Q,-0.0200085808458139,0.0068168744640315,0.0068168744640315,-0.0510400713851804,1,F,AUSAB-13,A,1
2,K,0.0117048168143364,0.0351144504430092,0.0260456005430209,0.0010218322188882,2,F,AUSAB-13,A,2
3,I,-0.0198385998873424,0.1375603346328746,0.0644771551930984,-0.1628572886552987,3,F,AUSAB-13,A,3
4,P,-0.0306057839425912,0.3055127645836056,0.0973263381791001,-0.2608091390224878,4,F,AUSAB-13,A,4
5,G,0.0068405492679613,0.5093265275973468,0.1275674769368714,-0.1311684630396974,5,F,AUSAB-13,A,5
6,N,0.0093860398470798,0.6616995393818129,0.1810783142632026,-0.1902004488446915,6,F,AUSAB-13,A,6
7,D,0.0258747702637082,0.7734897723362901,0.3865043577395049,-0.2579914840748482,7,F,AUSAB-13,A,7
8,N,0.0147739536974399,0.536866541016863,0.3636032192629786,-0.0805371609777822,8,F,AUSAB-13,A,8
9,S,-0.0128251342474072,0.1639290709217374,0.0450401455455798,-0.1571902526010727,9,F,AUSAB-13,A,9
10,T,0.0038752588801775,0.2343203671958554,0.0909388679029605,-0.0498739308447979,10,F,AUSAB-13,A,10
11,A,-0.0090371519704747,0.0266207597681763,0.0177803457742739,-0.0400204237233573,11,F,AUSAB-13,A,11
12,T,0.0285405774527937,0.4339823748619106,0.3831375896004245,-0.0252647988024688,12,F,AUSAB-13,A,12
13,L,-0.0661548702204,0.0,-0.0027834130641219,-0.1795612966532859,13,F,AUSAB-13,A,13
14,C,0.0004205747326034,0.0004205747326034,0.0004205747326034,0.0004205747326034,14,F,AUSAB-13,A,14
15,L,-0.0220548151321391,0.0,-0.0012288095886637,-0.0552996903473566,15,F,AUSAB-13,A,15
16,G,-0.0213298152272977,0.002015179248549,0.002015179248549,-0.0376781701859369,16,F,AUSAB-13,A,16
17,H,-0.3166952540616257,0.0,-0.0652131174071251,-0.5681773907161262,17,F,AUSAB-13,A,17
18,H,-0.0252501228587451,0.0,-0.000794533664338,-0.0459712891565292,18,F,AUSAB-13,A,18
19,A,-0.0269299366202819,0.0121083046102594,0.0120999963324157,-0.0879300533407437,19,F,AUSAB-13,A,19
20,V,-0.0171504098338352,0.0,-0.001759018259466,-0.0395893475576011,20,F,AUSAB-13,A,20
21,P,0.0139487900811311,0.4515178271600928,0.1641351931010737,-0.1413508474956701,21,F,AUSAB-13,A,21
22,N,-0.0314486971288689,0.0429436047475904,0.0223426468848129,-0.1507260043670654,22,F,AUSAB-13,A,22
23,G,-0.0401986565238528,0.0,-0.0351581707932581,-0.0452391422544475,23,F,AUSAB-13,A,23
24,T,-0.0497674024571249,0.0,-0.0120838638152256,-0.1036105889945287,24,F,AUSAB-13,A,24
25,I,0.017033269288226,0.5042209363087796,0.3370714253144237,-0.2239005051053873,25,F,AUSAB-13,A,25
26,V,-0.0409227798689214,0.0,-0.0043741561627503,-0.0774714035750925,26,F,AUSAB-13,A,26
27,K,-0.0369497525481139,0.1246908157699349,0.0391825341272513,-0.2139477443054055,27,F,AUSAB-13,A,27
28,T,0.0102792931699481,0.0471429955663231,0.0379684589487011,-0.0163051160564786,28,F,AUSAB-13,A,28
29,I,-0.1414726079145825,0.0,-0.0182613004036914,-0.2708913724170899,29,F,AUSAB-13,A,29
30,T,-0.0041451714094548,0.1885462728214131,0.114887286063477,-0.0693114364683685,30,F,AUSAB-13,A,30
31,N,-0.0075423747010547,0.5480432012710083,0.4129955235124886,-0.3482677100740096,31,F,AUSAB-13,A,31
32,D,0.0184322358891822,0.6392359247080837,0.2677896086434735,-0.1109843476740453,32,F,AUSAB-13,A,32
33,R,-0.0064838790846051,0.1814893478162396,0.0865518788026277,-0.0696186139251387,33,F,AUSAB-13,A,33
34,I,-0.0151850924883528,0.2385477320618796,0.0840599448762312,-0.3071909386781592,34,F,AUSAB-13,A,34
35,E,0.0173335454362976,0.1589245755982742,0.068035549453346,-0.0355551467041238,35,F,AUSAB-13,A,35
36,V,-0.0076819830094381,0.0008914653697299,0.0008914653697299,-0.0162554313886063,36,F,AUSAB-13,A,36
37,T,-0.0206030174473673,0.0025386674401759,0.0025386674401759,-0.0453297657011985,37,F,AUSAB-13,A,37
38,N,-0.0935108677406697,0.0,-0.0040003223273641,-0.3051468781059158,38,F,AUSAB-13,A,38
39,A,-0.032701105735488,0.0309264293570399,0.0203903332480502,-0.1413788447965944,39,F,AUSAB-13,A,39
40,T,-0.1106743964166551,0.0225340281491771,0.0225340281491771,-0.3459146648872366,40,F,AUSAB-13,A,40
41,E,-0.012114843445731,0.0203987193367036,0.0203987193367036,-0.0446284062281658,41,F,AUSAB-13,A,41
42,L,0.0330124644096967,0.0330124644096967,0.0330124644096967,0.0330124644096967,42,F,AUSAB-13,A,42
43,V,0.0032839081323221,0.0065678162646442,0.0033696259548139,0.0031981903098303,43,F,AUSAB-13,A,43
44,Q,-0.0287105361692398,0.0920261514495597,0.0397424859729166,-0.1149940564085091,44,F,AUSAB-13,A,44
45,N,0.0196200109973731,0.4473479882450116,0.2325440764141354,-0.0573637001809235,45,F,AUSAB-13,A,45
46,S,-0.0151738605932108,0.1000406154427293,0.0643352453429551,-0.0815528926553657,46,F,AUSAB-13,A,46
47,S,-0.0371507331889513,0.0871011039032216,0.0481250620533256,-0.2019175811979509,47,F,AUSAB-13,A,47
48,I,-0.1130929846213929,0.4078884009652888,0.0905644318661601,-2.159307968760956,48,F,AUSAB-13,A,48
49,G,-0.0241490682241134,0.0969116888468555,0.0694811976734923,-0.1081927376702793,49,F,AUSAB-13,A,49
50,E,0.0072868702827564,0.9134198947221182,0.2481394735410989,-0.2500640059395475,50,F,AUSAB-13,A,50
51,I,-0.0767072722034525,0.0,-0.0100691869648069,-0.1433453574420981,51,F,AUSAB-13,A,51
53,D,-0.0473844585673312,0.0332983937546959,0.0166830077885355,-0.208484198459224,53,F,AUSAB-13,A,53
54,S,0.0173101552044928,0.2965972079826841,0.1396367642394218,-0.0336018990720965,54,F,AUSAB-13,A,54
55,P,0.0012490611256011,0.0145318150439959,0.0145318150439959,-0.0066416144873512,55,F,AUSAB-13,A,55
56,H,-0.0215674530938696,0.1042913623645125,0.0951713032783795,-0.1676026255193492,56,F,AUSAB-13,A,56
57,Q,0.0100243881283552,0.3274456133171104,0.1605936211769859,-0.0686866365923707,57,F,AUSAB-13,A,57
58,I,-0.107321302014132,0.0,-0.107321302014132,-0.107321302014132,58,F,AUSAB-13,A,58
59,L,-0.012043830825081,0.0446466669631101,0.0305442945878986,-0.0807781594383532,59,F,AUSAB-13,A,59
61,G,-0.094626974432334,0.0,-0.094626974432334,-0.094626974432334,61,F,AUSAB-13,A,61
62,G,-0.0256152153373634,0.2554058001405939,0.1660387856378344,-0.3252906545903127,62,F,AUSAB-13,A,62
63,N,-0.0078401679079596,0.0,-0.0003841224493064,-0.0152962133666127,63,F,AUSAB-13,A,63
64,C,-0.2156423046793007,0.0,-0.0321546367671915,-0.3991299725914099,64,F,AUSAB-13,A,64
65,T,-0.0018670111366546,0.0079778566206684,0.0064352390716444,-0.0135788900306323,65,F,AUSAB-13,A,65
66,L,0.0024098810735825,0.0093713139506867,0.0093713139506867,-0.0045515518035217,66,F,AUSAB-13,A,66
67,I,-0.0149205244023631,0.0,-0.0087612397175033,-0.021079809087223,67,F,AUSAB-13,A,67
69,A,-0.0442583170973977,0.0,-0.0021611100480878,-0.1806591821419975,69,F,AUSAB-13,A,69
70,L,-0.1851634243057379,0.0,-0.1851634243057379,-0.1851634243057379,70,F,AUSAB-13,A,70
71,L,0.0391553944811261,0.0391553944811261,0.0391553944811261,0.0391553944811261,71,F,AUSAB-13,A,71
72,G,-0.0525194833136641,0.0039464916953809,0.0039464916953809,-0.1376637409219684,72,F,AUSAB-13,A,72
73,D,-0.0492039756589295,0.0,-0.0082489279418857,-0.2252683649693998,73,F,AUSAB-13,A,73
74,P,-0.0001599442752871,0.0096138441302218,0.0096138441302218,-0.0089550919188503,74,F,AUSAB-13,A,74
75,Q,-0.0368143829528438,0.2236652351125429,0.2186547676620651,-0.2070452834176056,75,F,AUSAB-13,A,75
76,C,-0.0053408341599741,0.0,-0.0038203454520368,-0.0068613228679114,76,F,AUSAB-13,A,76
77,D,-0.0639231549597572,0.0,-0.0047687257209471,-0.2323445672021583,77,F,AUSAB-13,A,77
78,G,-0.065836926288165,0.0380426585522732,0.0380426585522732,-0.2291283334415183,78,F,AUSAB-13,A,78
79,F,-0.0365899243975363,0.0,-0.0068755255636136,-0.1159454435006689,79,F,AUSAB-13,A,79
80,Q,-0.0569004961808352,0.0,-0.0165275878462765,-0.1009579866448435,80,F,AUSAB-13,A,80
81,N,-0.0913628094557881,0.0,-0.0165206017013814,-0.1662050172101947,81,F,AUSAB-13,A,81
82,K,0.0473939296381017,0.4729488354752932,0.2849338005394162,-0.0464034687323772,82,F,AUSAB-13,A,82
83,K,-0.0125086137475924,0.2338851613283067,0.0868184247194397,-0.0948443545112391,83,F,AUSAB-13,A,83
84,W,0.0035986211612515,0.0135904071978552,0.0135904071978552,-0.0063931648753522,84,F,AUSAB-13,A,84
85,D,-1.0241976659708356e-05,0.0034179263692037,0.0034179263692037,-0.0017252708080009,85,F,AUSAB-13,A,85
86,L,-0.0613364213292794,0.0,-0.0306289103279069,-0.1102695977214111,86,F,AUSAB-13,A,86
87,F,-0.0447432183581542,0.0,-0.0345664197350031,-0.0549200169813054,87,F,AUSAB-13,A,87
88,V,0.0136042542616109,0.0522937621955615,0.049880498543175,-0.0114809994107288,88,F,AUSAB-13,A,88
89,E,-0.0033759039303929,0.0,-0.0023375678682909,-0.00501266472014,89,F,AUSAB-13,A,89
91,S,0.0030286319346683,0.0735709063795615,0.0522804584609397,-0.0355052618837853,91,F,AUSAB-13,A,91
92,R,-0.0173816850531606,0.4459582529790264,0.2153353883320583,-0.2150039125992632,92,F,AUSAB-13,A,92
93,A,-0.0207823298751878,0.0199950495297229,0.0199950495297229,-0.07786960321399,93,F,AUSAB-13,A,93
94,Y,0.0147704628774398,0.5724846229924341,0.2183222501050506,-0.1018286813461778,94,F,AUSAB-13,A,94
95,S,0.0063164840478588,0.0252390825687863,0.0237261938429185,-0.0062896304252097,95,F,AUSAB-13,A,95
96,N,-0.0598814660664127,0.0454327483414304,0.0214859604168339,-0.2208420337364673,96,F,AUSAB-13,A,96
97,C,0.0105182772623363,0.0105182772623363,0.0105182772623363,0.0105182772623363,97,F,AUSAB-13,A,97
98,Y,-0.0042442897402027,0.0,-0.0042442897402027,-0.0042442897402027,98,F,AUSAB-13,A,98
99,P,-0.0887118351952876,0.0,-0.0023542679194549,-0.2145555842271205,99,F,AUSAB-13,A,99
100,Y,0.0192773066424257,0.0192773066424257,0.0192773066424257,0.0192773066424257,100,F,AUSAB-13,A,100
101,D,-0.0305044340793175,0.0,-0.0073720418556179,-0.05420241609754,101,F,AUSAB-13,A,101
102,V,0.0180380932915792,0.058088927109056,0.058088927109056,-0.002505383837521,102,F,AUSAB-13,A,102
103,P,-0.0916220147857386,0.1055043221388739,0.091145114903249,-0.3715171397414802,103,F,AUSAB-13,A,103
104,D,-0.0814342029791019,0.0,-0.0037711220367889,-0.1789390785587175,104,F,AUSAB-13,A,104
105,Y,-0.0529242484882305,0.0,-0.0105297118821558,-0.0953187850943052,105,F,AUSAB-13,A,105
106,A,-0.0951163000419594,0.0752860970453147,0.0368342619104099,-0.3927380472311858,106,F,AUSAB-13,A,106
107,S,-0.0600080803656477,0.0188215020916625,0.0133854722307247,-0.1585348500111011,107,F,AUSAB-13,A,107
108,L,-0.065013525803161,0.0,-0.0125960611856278,-0.1174309904206942,108,F,AUSAB-13,A,108
109,R,-0.010360278075413,0.0,-0.0031816583666956,-0.0175388977841304,109,F,AUSAB-13,A,109
110,S,-0.0349327714233352,0.0,-0.0100353988636704,-0.059830143983,110,F,AUSAB-13,A,110
111,L,-0.0058354824683597,0.0,-0.0030073450050079,-0.0086636199317115,111,F,AUSAB-13,A,111
112,V,0.038942946558019,0.0778858931160381,0.0698255534513726,0.0080603396646655,112,F,AUSAB-13,A,112
113,A,-0.015108960721734,0.0,-0.0070261185122546,-0.0231918029312134,113,F,AUSAB-13,A,113
114,S,0.025549096012,0.7271912807040102,0.4818526632873401,-0.0630276007942312,114,F,AUSAB-13,A,114
115,S,-0.0027023381074372,0.0306074609777945,0.0170089366555953,-0.0213081585108952,115,F,AUSAB-13,A,115
116,G,0.0016723319691316,0.0528511607949229,0.0318111957491852,-0.0461618329183961,116,F,AUSAB-13,A,116
117,T,-0.052588625322684,0.0,-0.0473888655456379,-0.0577883850997301,117,F,AUSAB-13,A,117
118,L,-0.0073353134576202,0.0,-0.0073353134576202,-0.0073353134576202,118,F,AUSAB-13,A,118
119,E,-0.0018514080088714,0.0028435585795961,0.0028435585795961,-0.0061696489772402,119,F,AUSAB-13,A,119
121,K,-0.1550218760604765,0.0416048661371001,0.0294598457962553,-0.7486611990717434,121,F,AUSAB-13,A,121
122,N,-0.2766563548186193,0.0,-0.0296121899284519,-0.6178113539182039,122,F,AUSAB-13,A,122
124,S,-0.3036850893089524,0.0,-0.0989823866136909,-0.6030226388906796,124,F,AUSAB-13,A,124
125,F,-0.0104799435689333,0.0,-0.0025083641225717,-0.018451523015295,125,F,AUSAB-13,A,125
126,N,-0.0037316067338002,0.0,-0.0016552465161186,-0.0058079669514818,126,F,AUSAB-13,A,126
127,W,-0.0203790776519598,0.0,-0.0092681591687324,-0.0314899961351873,127,F,AUSAB-13,A,127
128,A,-0.0217126541712975,0.2478802521078143,0.0764677747890246,-0.242663448572882,128,F,AUSAB-13,A,128
129,G,-0.0030739312792446,0.016853691820966,0.016853691820966,-0.0188428924587217,129,F,AUSAB-13,A,129
130,V,-0.0065535011883626,0.0062258114233424,0.0062258114233424,-0.0236785256385111,130,F,AUSAB-13,A,130
131,T,-0.1452944194251373,0.4166542023301509,0.2030350062458204,-0.4982853041256782,131,F,AUSAB-13,A,131
132,Q,0.1071539675000955,0.4819739022262765,0.4819739022262765,-0.0243737230948983,132,F,AUSAB-13,A,132
133,N,0.0158208946820335,0.1135239781855336,0.1135239781855336,-0.061400832508952,133,F,AUSAB-13,A,133
134,G,0.1291936229254525,0.3875808687763577,0.3440357634885396,0.0180628998966821,134,F,AUSAB-13,A,134
135,K,0.4186455472810165,8.791052291440453,1.81266668754224,-0.3135034304837255,135,F,AUSAB-13,A,135
136,S,-0.1401260381125605,0.0,-0.0317650676651857,-0.2484685012703035,136,F,AUSAB-13,A,136
137,F,1.554718163133069,6.246515730799759,2.8167107288049342,-0.0276430782674813,137,F,AUSAB-13,A,137
138,S,-0.0135813353306188,0.8342734658425345,0.2653373980694725,-0.1878658533744755,138,F,AUSAB-13,A,138
139,C,0.0055503445536314,0.0187978694884091,0.0184087221683651,-0.0021468358275149,139,F,AUSAB-13,A,139
140,I,-0.1322887736732587,0.0,-0.0774360619274452,-0.3300827172498501,140,F,AUSAB-13,A,140
141,R,-0.2118614680733108,0.0,-0.0410055849207146,-0.4661312630482491,141,F,AUSAB-13,A,141
142,G,0.0826733837307862,1.8492940523900403,0.6751581342198519,-0.0728246166961609,142,F,AUSAB-13,A,142
143,S,0.1149909831250797,1.5096276822735584,0.7959783982985397,-0.075082017924378,143,F,AUSAB-13,A,143
144,S,0.238583883759118,4.88836732452521,1.682441379550355,-0.2164675344584114,144,F,AUSAB-13,A,144
145,S,1.273439647630762,14.23090060851014,2.4776862458533246,-0.2230644845717575,145,F,AUSAB-13,A,145
146,S,-1.709467714417639e-05,0.0,-1.709467714417639e-05,-1.709467714417639e-05,146,F,AUSAB-13,A,146
149,S,0.0026625332407897,0.0026625332407897,0.0026625332407897,0.0026625332407897,149,F,AUSAB-13,A,149
150,R,-0.018944119299836,0.0,-0.0021310006849988,-0.0603817077807865,150,F,AUSAB-13,A,150
153,W,-0.0114556327087987,0.0,-0.0114556327087987,-0.0114556327087987,153,F,AUSAB-13,A,153
154,L,0.0187684850530447,0.0187684850530447,0.0187684850530447,0.0187684850530447,154,F,AUSAB-13,A,154
155,T,0.0537964077720862,0.1613892233162588,0.112828252568474,0.0066073761374536,155,F,AUSAB-13,A,155
156,H,-0.064906157055643,0.0529618888096528,0.0529618888096528,-0.1757971436387633,156,F,AUSAB-13,A,156
157,L,-0.2494794794520011,0.0,-0.0099782529895423,-0.5150001126791799,157,F,AUSAB-13,A,157
158,N,-0.1136371835007696,0.0032693995364719,0.0032693995364719,-0.3587543077733413,158,F,AUSAB-13,A,158
159,Y,-0.1755030841683819,0.3400956962301912,0.1514811044161748,-0.5676518299631013,159,F,AUSAB-13,A,159
160,T,-0.197450217459578,0.0402955005083122,0.0402955005083122,-0.5258289534619522,160,F,AUSAB-13,A,160
161,Y,-0.043055912084688,0.0102837266833322,0.0102837266833322,-0.1099287372223499,161,F,AUSAB-13,A,161
162,P,-0.0141944275661098,0.0074409274829966,0.0074409274829966,-0.0391415401339106,162,F,AUSAB-13,A,162
163,A,-0.13726280225203,0.2275666988290422,0.1832145145620375,-0.3434115330918478,163,F,AUSAB-13,A,163
164,L,0.0715837433283474,0.3910709910764077,0.2486988499377305,-0.0653333850694939,164,F,AUSAB-13,A,164
165,N,-0.1349266672732599,0.0,-0.0552924424936812,-0.2145608920528386,165,F,AUSAB-13,A,165
166,V,-0.0347239508390239,0.0,-0.0060552747006608,-0.0633926269773869,166,F,AUSAB-13,A,166
167,T,-0.0265965814754886,0.0,-0.0192822247066601,-0.0366454967932198,167,F,AUSAB-13,A,167
168,M,0.0236247503060376,0.0762921335151774,0.067128330974114,-0.0054178825970645,168,F,AUSAB-13,A,168
169,P,-0.0451274062624424,0.0045876370241674,0.0045876370241674,-0.1667814980020389,169,F,AUSAB-13,A,169
171,K,0.0128803804031351,0.6900535821071753,0.210813859300825,-0.2909808484316059,171,F,AUSAB-13,A,171
172,E,-0.0488202528328002,0.0,-0.0067846054268112,-0.1375221525804111,172,F,AUSAB-13,A,172
173,Q,0.0244644467166043,0.5821542418746259,0.3063981449285204,-0.0330601083667015,173,F,AUSAB-13,A,173
174,F,-0.0056339537859404,0.0355118072497051,0.0355118072497051,-0.046779714821586,174,F,AUSAB-13,A,174
175,D,-0.0015392297212833,0.0170214613054973,0.0140025061346968,-0.0231783801906306,175,F,AUSAB-13,A,175
178,Y,0.0012508917867384,0.0012508917867384,0.0012508917867384,0.0012508917867384,178,F,AUSAB-13,A,178
179,I,0.0107899452899458,0.0107899452899458,0.0107899452899458,0.0107899452899458,179,F,AUSAB-13,A,179
180,W,-0.02022263933459,0.0,-0.0156724020411358,-0.0247728766280441,180,F,AUSAB-13,A,180
181,G,-0.0120076972104098,0.0085971849982701,0.0085971849982701,-0.0247253631461366,181,F,AUSAB-13,A,181
182,V,0.012570258815264,0.0338116334074687,0.0338116334074687,-0.0086711157769406,182,F,AUSAB-13,A,182
183,H,-0.0448912319159883,0.0,-0.0021242906374295,-0.1754616858934047,183,F,AUSAB-13,A,183
184,H,-0.1667840793401928,0.0,-0.0251018161332857,-0.3201693490043681,184,F,AUSAB-13,A,184
185,P,-0.0122790901556234,0.0,-0.0116652016630564,-0.0128929786481904,185,F,AUSAB-13,A,185
186,G,0.109644141276113,2.689441156185944,0.870301328778643,-0.2177457701659116,186,F,AUSAB-13,A,186
187,T,0.0456246415831181,0.4242228104186594,0.1718727166271388,-0.0533335626757767,187,F,AUSAB-13,A,187
188,D,-0.1862985426619748,0.0,-0.0106427254023681,-0.4218753641953168,188,F,AUSAB-13,A,188
189,K,-0.0408814469921219,2.143196977364049,0.6683942386543367,-0.5944414965543388,189,F,AUSAB-13,A,189
190,D,-0.0463999247938549,0.0765808758780642,0.0291943035674278,-0.3119515044150586,190,F,AUSAB-13,A,190
191,Q,-0.002644433688298,0.0017363632878154,0.0017363632878154,-0.0070252306644115,191,F,AUSAB-13,A,191
192,I,-0.0887126783223095,0.3761545700457998,0.1816223516760806,-0.5055340058017783,192,F,AUSAB-13,A,192
193,S,-0.1316014252160461,2.120163698962745,1.7727037692018068,-0.965674376238112,193,F,AUSAB-13,A,193
194,L,-0.0434267778220784,0.0,-0.0072035333721996,-0.1058761676294968,194,F,AUSAB-13,A,194
195,Y,-0.0161445091296323,0.0260849388909555,0.0238909429645142,-0.0301005508651724,195,F,AUSAB-13,A,195
196,A,-0.0417477637501929,0.0558792922696263,0.0229279972479624,-0.3524428274643204,196,F,AUSAB-13,A,196
197,Q,-0.0477019773600848,0.3934680926099039,0.1476278005873476,-0.5577461973112581,197,F,AUSAB-13,A,197
198,S,-0.0573350846076593,0.2297424548718183,0.0458474563110056,-0.2639424382785088,198,F,AUSAB-13,A,198
199,S,-0.0031947624540494,0.2914764329147762,0.078987231510189,-0.1040520682280314,199,F,AUSAB-13,A,199
200,G,-0.0752946554326989,0.0,-0.0028701420509578,-0.2312509593561513,200,F,AUSAB-13,A,200
201,R,-0.0361285599952529,0.2597713390502827,0.1451604694288412,-0.1883410919010768,201,F,AUSAB-13,A,201
202,I,0.1023444752888182,0.2429475633355267,0.2429475633355267,-0.0382586127578903,202,F,AUSAB-13,A,202
203,T,-0.1575881340260647,0.0157115591943052,0.0114970245731506,-0.5015099687833713,203,F,AUSAB-13,A,203
204,V,-0.0079202962108837,0.0,-0.0079202962108837,-0.0079202962108837,204,F,AUSAB-13,A,204
205,S,-0.0138217282136988,0.0,-0.0138217282136988,-0.0138217282136988,205,F,AUSAB-13,A,205
207,K,0.02817380756387,0.4528428706235726,0.2912436806273733,-0.2073527101803758,207,F,AUSAB-13,A,207
208,R,-0.0723747604094798,0.1174061843530135,0.0914125751847835,-0.1679007658231079,208,F,AUSAB-13,A,208
209,S,-0.0156973416367669,0.0012687819555353,0.0012687819555353,-0.0258491770762467,209,F,AUSAB-13,A,209
210,Q,-0.0941266278278146,0.0093814134852615,0.0093814134852615,-0.2259191810785171,210,F,AUSAB-13,A,210
211,Q,0.0044443149824873,0.0127598341350587,0.0127598341350587,-0.0038712041700839,211,F,AUSAB-13,A,211
212,A,-0.1004188191108934,0.0046928905808781,0.0046928905808781,-0.3789268430202944,212,F,AUSAB-13,A,212
213,V,0.0168689587348107,0.0528635671152483,0.0310029969648732,-0.0022566909108161,213,F,AUSAB-13,A,213
214,I,-0.0249688052377121,0.2437833342174949,0.0770081603140383,-0.3112987427489266,214,F,AUSAB-13,A,214
215,P,-0.2022619744243377,0.0,-0.0307251484422703,-0.3782120201625929,215,F,AUSAB-13,A,215
216,N,-0.018178866136529,0.4242641977611017,0.128097168023395,-0.2329623628207921,216,F,AUSAB-13,A,216
217,I,-0.0499750372842649,0.0,-0.0056004006133639,-0.1379680792127987,217,F,AUSAB-13,A,217
218,G,-0.1813233179329024,0.1299628059131932,0.1299628059131932,-0.3979624312154698,218,F,AUSAB-13,A,218
219,S,-0.0408311323597959,0.6895630207694341,0.2718077165333766,-0.3298660183419493,219,F,AUSAB-13,A,219
220,R,-0.0233752905550482,1.1490081366763318,0.285852783354286,-0.5846355223597131,220,F,AUSAB-13,A,220
221,P,-0.008214767545892,0.0273604787129631,0.0273604787129631,-0.0389962685902396,221,F,AUSAB-13,A,221
222,R,0.2680433767400065,5.174128967901502,0.680325832022073,-0.3020814364565229,222,F,AUSAB-13,A,222
223,I,-0.0829797603396094,0.0812075280118727,0.0812075280118727,-0.3056056473340898,223,F,AUSAB-13,A,223
224,R,-0.029345279289124,0.228515959834927,0.0587565229892123,-0.3140730379173004,224,F,AUSAB-13,A,224
225,D,0.0148528281072942,0.6057650837342734,0.5258231525723961,-0.4844280982320182,225,F,AUSAB-13,A,225
226,I,0.3616750372613585,3.3538540114185764,1.0973576242408465,-0.0668779901573954,226,F,AUSAB-13,A,226
227,P,-0.0653328122019267,0.2284824045358619,0.166537474599025,-0.2776158938068144,227,F,AUSAB-13,A,227
228,S,0.4934122550822493,0.9868245101644986,0.9226403067786992,0.0641842033857992,228,F,AUSAB-13,A,228
229,R,0.0470426269051856,0.1704096926390647,0.1474743052834875,-0.0292818119235078,229,F,AUSAB-13,A,229
230,I,0.1354957316850542,0.2709914633701084,0.2389213773069769,0.0320700860631314,230,F,AUSAB-13,A,230
231,S,-0.0095594456181078,0.0367115543134736,0.0367115543134736,-0.029880165154942,231,F,AUSAB-13,A,231
233,Y,-0.0646774666172697,0.0,-0.0646774666172697,-0.0646774666172697,233,F,AUSAB-13,A,233
234,W,-0.0688319287882516,0.0207076988829382,0.0171824274182612,-0.2505313630892425,234,F,AUSAB-13,A,234
235,T,0.0008874799556099,0.0008874799556099,0.0008874799556099,0.0008874799556099,235,F,AUSAB-13,A,235
236,I,-0.0811817557559856,0.0,-0.0627573736682742,-0.099606137843697,236,F,AUSAB-13,A,236
238,K,-0.0377327002182865,0.0044081643656888,0.0044081643656888,-0.0798050400805345,238,F,AUSAB-13,A,238
239,P,-0.0018629541199912,0.0097636874549295,0.0088406822545221,-0.0153525498149034,239,F,AUSAB-13,A,239
240,G,-0.009475360756494,0.0,-0.009475360756494,-0.009475360756494,240,F,AUSAB-13,A,240
241,D,-0.0055745522245298,0.0,-0.0055745522245298,-0.0055745522245298,241,F,AUSAB-13,A,241
242,I,-0.182367779678244,0.0247706525006047,0.0247706525006047,-0.3153366596247466,242,F,AUSAB-13,A,242
243,L,-0.0016973644864506,0.0050236165702929,0.0050236165702929,-0.0065257022537177,243,F,AUSAB-13,A,243
244,L,-0.0243761010664278,0.9057950883053534,0.3027622665287237,-0.3059023468883676,244,F,AUSAB-13,A,244
245,I,-0.0026046475291398,0.0,-0.0026046475291398,-0.0026046475291398,245,F,AUSAB-13,A,245
246,N,-0.0214111920194229,0.0,-0.0151230834794442,-0.0276993005594016,246,F,AUSAB-13,A,246
247,S,-0.03379967649468,0.0512977909281813,0.0242655845096826,-0.2727503585630166,247,F,AUSAB-13,A,247
249,G,-0.0114998762788545,0.0,-0.0087454825321064,-0.0142542700256026,249,F,AUSAB-13,A,249
251,L,0.0074551840257956,0.0228396615403445,0.0228396615403445,-0.0079292934887533,251,F,AUSAB-13,A,251
253,A,0.0042442422521129,0.0042442422521129,0.0042442422521129,0.0042442422521129,253,F,AUSAB-13,A,253
254,P,-0.0254899183303343,0.0,-0.015984377178876,-0.0349954594817925,254,F,AUSAB-13,A,254
255,R,-0.0058404549387233,0.0,-0.0034359199894433,-0.0082449898880034,255,F,AUSAB-13,A,255
256,G,-0.0027914371606367,0.003019753615505,0.003019753615505,-0.0086026279367785,256,F,AUSAB-13,A,256
257,Y,0.001097068058462,0.0073458302189975,0.0073458302189975,-0.0051516941020734,257,F,AUSAB-13,A,257
258,F,-0.0688937275264172,0.0104368220001746,0.0104368220001746,-0.1980032087790462,258,F,AUSAB-13,A,258
259,K,-0.0004419103907798,0.140797040478869,0.1359867694511832,-0.1379992659844753,259,F,AUSAB-13,A,259
260,I,-0.0596297798510983,0.0,-0.0038278682237445,-0.1450430917386128,260,F,AUSAB-13,A,260
261,R,-0.0638117127047051,0.2534031174298621,0.1346489768222647,-0.2809571356245284,261,F,AUSAB-13,A,261
262,S,-0.0410671909264968,0.1123472696227432,0.0768661267339214,-0.3262378616668647,262,F,AUSAB-13,A,262
263,G,-0.0042022620318631,0.0023623247793542,0.0023623247793542,-0.0138235717675772,263,F,AUSAB-13,A,263
264,K,-0.0374179550958015,0.00419334505672,0.00419334505672,-0.1482118035300355,264,F,AUSAB-13,A,264
265,S,-0.0063384464658428,0.0140260582100883,0.0140260582100883,-0.0204486264824082,265,F,AUSAB-13,A,265
266,S,-0.0073461605294766,0.0040320801932527,0.0040320801932527,-0.018724401252206,266,F,AUSAB-13,A,266
267,I,0.020668567583339,0.041337135166678,0.0394260576674241,0.0019110774992539,267,F,AUSAB-13,A,267
268,M,-0.0723468304114662,0.0,-0.020582098787465,-0.1241115620354675,268,F,AUSAB-13,A,268
269,R,-0.055704187272969,0.0660860089033259,0.0660860089033259,-0.1982298386253103,269,F,AUSAB-13,A,269
270,S,-0.0445995480555062,0.0,-0.0445995480555062,-0.0445995480555062,270,F,AUSAB-13,A,270
271,D,0.0026159504519329,0.0253569710291296,0.0253569710291296,-0.0201250701252637,271,F,AUSAB-13,A,271
272,A,-0.0317140270693227,0.0,-0.0091279906890014,-0.0657653701765235,272,F,AUSAB-13,A,272
273,P,-0.0009693102950914,0.0254726228940367,0.0254726228940367,-0.0146769209186713,273,F,AUSAB-13,A,273
275,G,-0.0465162932072251,0.2170834421069448,0.1289868267904061,-0.3157648811119699,275,F,AUSAB-13,A,275
276,K,-0.0321417310819242,0.0619812893144376,0.0214489308251285,-0.1057608187746801,276,F,AUSAB-13,A,276
277,C,0.0018769419730418,0.0045092939526494,0.0045092939526494,-0.0007554100065658,277,F,AUSAB-13,A,277
278,K,-0.0226545716215093,0.106187006841603,0.0540176272375904,-0.1336338065237466,278,F,AUSAB-13,A,278
279,S,-0.0254851711376883,0.1237044388285071,0.0399629208904079,-0.0904754773643018,279,F,AUSAB-13,A,279
280,E,-0.0136914655661786,0.2315884262018695,0.1257966644401328,-0.081370176030477,280,F,AUSAB-13,A,280
281,C,0.0052353882306399,0.0052353882306399,0.0052353882306399,0.0052353882306399,281,F,AUSAB-13,A,281
282,I,-0.102420988745608,0.0,-0.0102035600549171,-0.2470083588007117,282,F,AUSAB-13,A,282
283,T,0.0029542103729143,0.0398988282831078,0.0269788475740857,-0.0310361971643648,283,F,AUSAB-13,A,283
284,P,-0.0010945358187597,0.0708370693144021,0.0708370693144021,-0.0494405499202493,284,F,AUSAB-13,A,284
285,N,0.0132591779344419,0.0132591779344419,0.0132591779344419,0.0132591779344419,285,F,AUSAB-13,A,285
287,S,-0.0044882719911945,0.0,-0.0015670589707985,-0.0088605639114296,287,F,AUSAB-13,A,287
288,I,0.0014595070500441,0.0516764161356814,0.0516764161356814,-0.0487574020355932,288,F,AUSAB-13,A,288
289,P,-0.0202383523563027,0.1232666766498436,0.106193498973511,-0.1376261541193183,289,F,AUSAB-13,A,289
290,N,-0.0080412329018524,0.0083653890699571,0.0081550900990141,-0.0216038310276096,290,F,AUSAB-13,A,290
291,D,0.0087836329347732,0.2870390612861871,0.1251248910578206,-0.0603113079247777,291,F,AUSAB-13,A,291
292,K,-0.0290393414034635,0.0,-0.0227330754603922,-0.0353456073465348,292,F,AUSAB-13,A,292
293,P,-0.0190503473764807,0.0,-0.0074694278936335,-0.0417617112641127,293,F,AUSAB-13,A,293
294,F,-0.0478539145102967,0.0,-0.0478539145102967,-0.0478539145102967,294,F,AUSAB-13,A,294
295,Q,-0.1531273618618936,0.0,-0.1531273618618936,-0.1531273618618936,295,F,AUSAB-13,A,295
296,N,-0.0499248401188592,0.0529685584145747,0.0529685584145747,-0.1528182386522931,296,F,AUSAB-13,A,296
297,V,0.0026105524811936,0.0130704254394683,0.0122666143497129,-0.0022326224137796,297,F,AUSAB-13,A,297
298,N,-0.0305403974692211,0.0,-0.0020945331832244,-0.0589862617552178,298,F,AUSAB-13,A,298
299,R,-0.0631558066352683,0.0268265318796166,0.0268265318796166,-0.2037209725419383,299,F,AUSAB-13,A,299
300,I,-0.0528615262390895,0.0374193666690949,0.0226740537079142,-0.1758451690465472,300,F,AUSAB-13,A,300
301,T,-0.1215167960343367,0.0,-0.0032285861356733,-0.3765489586027521,301,F,AUSAB-13,A,301
302,Y,-0.0758512124496463,0.0,-0.0235480507164837,-0.1281543741828089,302,F,AUSAB-13,A,302
303,G,-0.0051076095166072,0.0134479791166227,0.0134479791166227,-0.0192239779801969,303,F,AUSAB-13,A,303
304,A,-0.0201431784054063,0.0096846928771165,0.0096625089934494,-0.0596905214569353,304,F,AUSAB-13,A,304
305,C,-0.0349871155560254,0.0038693963960559,0.0038693963960559,-0.0916043265178352,305,F,AUSAB-13,A,305
306,P,0.0021958480675684,0.0085607446914808,0.0070105273119424,-0.0019732004887753,306,F,AUSAB-13,A,306
307,R,-0.0322820351291596,0.0679990290591104,0.0654303320713587,-0.1382050722563235,307,F,AUSAB-13,A,307
308,Y,0.1716979313973717,0.1716979313973717,0.1716979313973717,0.1716979313973717,308,F,AUSAB-13,A,308
309,V,-0.0538645164490012,0.0,-0.0410618588287365,-0.0666671740692659,309,F,AUSAB-13,A,309
310,K,0.0023949084883983,0.0889805689340401,0.0741684474900292,-0.0357761426168578,310,F,AUSAB-13,A,310
311,Q,-0.0243374687108286,0.1778578375724323,0.0958298264453578,-0.1238803972319997,311,F,AUSAB-13,A,311
312,N,-0.0200151426101642,0.1689939239119407,0.0529615564042305,-0.1346802008853969,312,F,AUSAB-13,A,312
313,T,-0.0259001610363137,0.0,-0.0089242369345855,-0.0428760851380419,313,F,AUSAB-13,A,313
314,L,-0.0429314378070712,0.0,-0.0009633083900316,-0.0945378884544121,314,F,AUSAB-13,A,314
315,K,-0.0152293501999777,0.0092986502673171,0.0092986502673171,-0.0421508711620977,315,F,AUSAB-13,A,315
316,L,0.0046754998570386,0.0046754998570386,0.0046754998570386,0.0046754998570386,316,F,AUSAB-13,A,316
317,A,-0.009936854707447,0.0015119907682716,0.0015119907682716,-0.0227886300709458,317,F,AUSAB-13,A,317
318,T,-0.027534922412959,0.0152391563963403,0.0152391563963403,-0.0632627236301375,318,F,AUSAB-13,A,318
319,G,0.017946959590458,0.017946959590458,0.017946959590458,0.017946959590458,319,F,AUSAB-13,A,319
320,M,0.0067333545475319,0.0067333545475319,0.0067333545475319,0.0067333545475319,320,F,AUSAB-13,A,320
321,R,-0.4835156354329402,0.0,-0.0557312813004603,-0.91129998956542,321,F,AUSAB-13,A,321
323,V,-0.0093870027863566,0.3013253111737353,0.1090068034169528,-0.2603290228868879,323,F,AUSAB-13,A,323
324,P,0.0124593890681523,0.3228389891637795,0.1730581325160488,-0.1902379536361276,324,F,AUSAB-13,A,324
325,E,-0.0734929399430307,0.0,-0.0710723794228397,-0.0759135004632216,325,F,AUSAB-13,A,325
326,K,-0.0815272329926187,0.0,-0.0024852856179906,-0.4183610134449645,326,F,AUSAB-13,A,326
327,Q,0.0050456357507041,0.1554291517948652,0.1251391189258406,-0.0590387105953704,327,F,AUSAB-13,A,327
328,T,-0.0298687851758395,0.2100192259598545,0.0883834220066688,-0.1672734209211734,328,F,AUSAB-13,A,328
329,R,0.0532932841714628,0.1065865683429257,0.0941285730584046,0.0124579952845211,329,F,AUSAB-13,A,329
330,G,-0.0115749097982789,0.0,-0.0001572921193354,-0.0268104867462699,330,F,AUSAB-13,A,330
331,I,0.0047931978170516,0.0551275570006169,0.0276847125991079,-0.0219838981523208,331,F,AUSAB-13,A,331
332,F,0.0651858905466057,0.1303717810932114,0.1101248813214777,0.0202468997717336,332,F,AUSAB-13,A,332
333,G,0.0033874973388615,0.3460626668372958,0.2174235030988424,-0.1489961072232549,333,F,AUSAB-13,A,333
334,A,-0.0220477641084113,0.0403265677104495,0.0364499238890417,-0.0804113333516424,334,F,AUSAB-13,A,334
335,I,0.0449399163245635,0.1348197489736907,0.0486159850595291,0.0395143665397845,335,F,AUSAB-13,A,335
336,A,-0.0072817766375195,0.0029752107822009,0.0027473288046241,-0.0252918350499371,336,F,AUSAB-13,A,336
337,G,0.0008709486636178,0.0144566908510544,0.0122051116236435,-0.0118438448602009,337,F,AUSAB-13,A,337
338,F,-0.0046086945717647,0.0047254881079249,0.0047254881079249,-0.0105014462448445,338,F,AUSAB-13,A,338
339,I,-0.1363073520585333,0.003326676993115,0.003326676993115,-0.3916896592959462,339,F,AUSAB-13,A,339
340,E,0.0027275262364294,0.0054550524728588,0.004341195970191,0.0011138565026677,340,F,AUSAB-13,A,340
341,N,-0.1474982180966327,0.0,-0.0414433222685748,-0.2535531139246906,341,F,AUSAB-13,A,341
342,G,-0.010477150583695,0.0,-0.0070674614548637,-0.0138868397125262,342,F,AUSAB-13,A,342
343,W,-0.0122515299024649,0.0033364827364867,0.0033364827364867,-0.0278395425414166,343,F,AUSAB-13,A,343
344,E,-0.0685771184271408,0.2866976145018894,0.2308595032271354,-0.4653814006014292,344,F,AUSAB-13,A,344
345,G,-0.0324923987624978,0.0273719064146057,0.0227823263302652,-0.1472142045247611,345,F,AUSAB-13,A,345
346,M,-0.00703988008722,0.1433458567041625,0.1433458567041625,-0.1054244082217246,346,F,AUSAB-13,A,346
347,V,0.0610412655920998,1.0170029300797432,0.175342526574373,-0.0411350729856086,347,F,AUSAB-13,A,347
348,D,0.0209758422362216,0.0447892136178346,0.0447892136178346,-0.0028375291453913,348,F,AUSAB-13,A,348
349,G,-0.0469767655715213,0.0,-0.01501346386412,-0.0789400672789226,349,F,AUSAB-13,A,349
350,W,-0.0477483407592238,0.0,-0.0477483407592238,-0.0477483407592238,350,F,AUSAB-13,A,350
351,Y,-0.0178845266021639,0.0,-0.0178845266021639,-0.0178845266021639,351,F,AUSAB-13,A,351
352,G,-0.0058591594828972,0.0,-0.0032249727028621,-0.0078477988860915,352,F,AUSAB-13,A,352
353,F,-0.0207294289811353,0.0529511471664498,0.0529511471664498,-0.1074502326426146,353,F,AUSAB-13,A,353
354,R,0.0180412470501687,0.1002966449054493,0.0685820073578695,-0.0053659946810116,354,F,AUSAB-13,A,354
355,H,-0.0006153429855922,0.0,-0.0006153429855922,-0.0006153429855922,355,F,AUSAB-13,A,355
356,Q,-0.0326449105427325,0.1647891107493806,0.085832883678083,-0.1344682149249519,356,F,AUSAB-13,A,356
357,N,-0.0085693685405105,0.0,-0.0085693685405105,-0.0085693685405105,357,F,AUSAB-13,A,357
358,S,-0.0143375894928987,0.2762571584985661,0.0660634323036572,-0.1418498801800146,358,F,AUSAB-13,A,358
359,E,-0.0400664028464598,0.0,-0.0094822347708212,-0.0702514274930291,359,F,AUSAB-13,A,359
360,G,-0.0051841338286929,0.0,-0.0038769369823649,-0.0064913306750209,360,F,AUSAB-13,A,360
361,R,-0.0073059571263974,0.5010737719986775,0.2513380258739615,-0.1290675664950787,361,F,AUSAB-13,A,361
362,G,0.0016878813948233,0.0113985820384327,0.0113985820384327,-0.0080228192487861,362,F,AUSAB-13,A,362
363,Q,0.0345170505910615,0.2738594355933225,0.115607411474198,-0.012710878600899,363,F,AUSAB-13,A,363
364,A,-0.0393591392807385,0.0,-0.007177259649241,-0.1034294116979517,364,F,AUSAB-13,A,364
365,A,-0.0844729706824228,0.0137067897098411,0.0137067897098411,-0.3020965696889219,365,F,AUSAB-13,A,365
367,L,-0.0125546113045743,0.1382083346894304,0.0554436509037523,-0.1264066061111558,367,F,AUSAB-13,A,367
368,K,-0.0084570785713726,0.3260362077793657,0.1027702644457757,-0.1017403890723164,368,F,AUSAB-13,A,368
369,S,0.0363041436496675,0.3133134403241346,0.1930295984947466,-0.0294149764386177,369,F,AUSAB-13,A,369
370,T,0.0042562992549811,0.0042562992549811,0.0042562992549811,0.0042562992549811,370,F,AUSAB-13,A,370
371,Q,-0.0300834935927001,0.0345348946984079,0.0182773083240177,-0.1196816428284326,371,F,AUSAB-13,A,371
372,A,0.0052097714600613,0.2474319473578755,0.097999491723697,-0.0585329489635764,372,F,AUSAB-13,A,372
373,A,-0.0414667586269635,0.0038088356827436,0.0029207283209519,-0.1124887470169011,373,F,AUSAB-13,A,373
374,I,0.0623237294538645,0.9518198824891974,0.206057905185555,-0.0963244979008847,374,F,AUSAB-13,A,374
375,D,-0.0289225357458259,0.0973591146373411,0.0488177562761802,-0.2335490593076384,375,F,AUSAB-13,A,375
376,Q,0.059904610475032,0.8908211211746329,0.2483710001782793,-0.1073219090970527,376,F,AUSAB-13,A,376
377,I,0.0445228139766402,0.0890456279532805,0.0630498598930846,0.0259957680601958,377,F,AUSAB-13,A,377
378,N,-0.0261733575975577,0.0673656481659307,0.036231212339145,-0.1181592193673454,378,F,AUSAB-13,A,378
379,G,-0.0054350483570427,0.2566502632394464,0.1517025640138301,-0.0573139937446574,379,F,AUSAB-13,A,379
380,K,0.0085182052762881,0.0960846383332885,0.0540791495024025,-0.027341319258651,380,F,AUSAB-13,A,380
381,L,-0.0274821574911868,0.0,-0.0001164858139939,-0.1265369406321707,381,F,AUSAB-13,A,381
382,N,0.0186863248265181,0.3551898822421414,0.2551378586175832,-0.1409203344317275,382,F,AUSAB-13,A,382
383,R,0.0005848176583676,0.1133287572716004,0.0473836999604042,-0.0255471133402751,383,F,AUSAB-13,A,383
384,L,-0.0114329987633985,0.0901964226062179,0.0707928630852787,-0.0763512407218444,384,F,AUSAB-13,A,384
385,I,-0.0447908808391414,0.0,-0.0217530970831409,-0.0800282468619296,385,F,AUSAB-13,A,385
386,G,-0.0353134807322703,0.1272182791557157,0.049504031722107,-0.2891490147990342,386,F,AUSAB-13,A,386
387,K,-0.0405011487366579,0.0517316092473126,0.0216130097918019,-0.1326179994996633,387,F,AUSAB-13,A,387
388,T,-0.0185077709337349,0.1207387707689493,0.0643820506042966,-0.1725256757013283,388,F,AUSAB-13,A,388
389,N,0.0120387961612979,0.134840939114013,0.090162902860349,-0.0550498491155816,389,F,AUSAB-13,A,389
390,E,-0.0750400251227197,0.1147671138367031,0.0580873959307158,-0.5445560832215822,390,F,AUSAB-13,A,390
391,K,-0.119792453421517,0.0106117988519685,0.0106117988519685,-0.469159908675831,391,F,AUSAB-13,A,391
392,F,-0.0494900026097534,0.0170094772001128,0.0170094772001128,-0.0934305947582782,392,F,AUSAB-13,A,392
393,H,-0.0425066622194961,0.0,-0.0156536612694274,-0.0693596631695648,393,F,AUSAB-13,A,393
394,Q,-0.0546043840667402,0.0013767809421496,0.0013767809421496,-0.1410100185784472,394,F,AUSAB-13,A,394
395,I,-0.0050104179133644,0.0,-0.0050104179133644,-0.0050104179133644,395,F,AUSAB-13,A,395
396,E,-0.012596252907728,0.0,-0.012596252907728,-0.012596252907728,396,F,AUSAB-13,A,396
397,K,-0.0632811265656552,0.0,-0.0632811265656552,-0.0632811265656552,397,F,AUSAB-13,A,397
398,E,-0.0259643154737068,0.0,-0.0195550243145786,-0.0370549597194043,398,F,AUSAB-13,A,398
399,F,-0.0179364935154066,0.0264884022548589,0.0179665628899105,-0.065545160356857,399,F,AUSAB-13,A,399
400,S,0.0137703493841296,0.4796110928414849,0.1777077579732253,-0.1562974809889584,400,F,AUSAB-13,A,400
401,E,-0.0340984348024745,0.2056881344918243,0.1355376637017974,-0.1409742127803927,401,F,AUSAB-13,A,401
402,V,-0.0458003215747815,0.1641175657038837,0.0630467221088223,-0.2346979507242699,402,F,AUSAB-13,A,402
403,E,-0.0792867863340481,0.0,-0.0462475291888965,-0.1127242691927706,403,F,AUSAB-13,A,403
404,G,-0.0681999494111242,0.0,-0.0002341777126215,-0.2228520551196623,404,F,AUSAB-13,A,404
405,R,-0.1340243602647789,0.0,-0.0172143683629834,-0.3354875522605776,405,F,AUSAB-13,A,405
406,V,-0.0192688853911293,0.0943203036746289,0.0479747828169105,-0.1939829983288899,406,F,AUSAB-13,A,406
407,Q,-0.0705016727375219,0.003683651147651,0.003683651147651,-0.1899935307805936,407,F,AUSAB-13,A,407
408,D,-0.0124143711736922,0.0,-0.0063691131369376,-0.0184596292104468,408,F,AUSAB-13,A,408
409,L,-0.0760314120745682,0.0,-0.0180747473373597,-0.1238842406854831,409,F,AUSAB-13,A,409
410,E,-0.0861776820994423,0.0,-0.0129871514477529,-0.3676456019428138,410,F,AUSAB-13,A,410
411,K,-0.0624891271028657,0.0358868476323786,0.0239718308707331,-0.1235308278592011,411,F,AUSAB-13,A,411
412,Y,-0.1816819739682562,0.0,-0.0269506991355854,-0.4043055483595984,412,F,AUSAB-13,A,412
413,V,-0.1475069302702227,0.0,-0.0386550872349834,-0.538355731892866,413,F,AUSAB-13,A,413
414,E,-0.0630127304176491,0.0,-0.0138208476086787,-0.1122046132266195,414,F,AUSAB-13,A,414
415,D,-0.0854317836490993,0.0,-0.0083650699343239,-0.3429548779905432,415,F,AUSAB-13,A,415
416,T,-0.0406477936797323,0.030027626257619,0.030027626257619,-0.0934198727188249,416,F,AUSAB-13,A,416
417,K,0.0016024870459515,0.0016024870459515,0.0016024870459515,0.0016024870459515,417,F,AUSAB-13,A,417
418,I,-0.067313527915018,0.0234283908698901,0.0234283908698901,-0.1939606170218233,418,F,AUSAB-13,A,418
419,D,-0.0583314648841764,0.0,-0.0131519594864009,-0.1458213461439309,419,F,AUSAB-13,A,419
420,L,0.0117462855119754,0.1015797472804063,0.0901143471750119,-0.0663408907444798,420,F,AUSAB-13,A,420
421,W,-0.0384905371614984,0.0,-0.007506196935598,-0.0694748773873987,421,F,AUSAB-13,A,421
422,S,-0.0160401715446462,0.0,-0.0160401715446462,-0.0160401715446462,422,F,AUSAB-13,A,422
423,Y,-0.0278733343805602,0.0,-0.0077165987514421,-0.0512714535052468,423,F,AUSAB-13,A,423
424,N,-0.0146207526733671,0.0,-0.012512628394881,-0.0167288769518532,424,F,AUSAB-13,A,424
425,A,-0.0811918502070142,0.0,-0.0057710019715386,-0.262477194662479,425,F,AUSAB-13,A,425
426,E,-0.0065872011650151,0.0,-0.0046376070106145,-0.0085367953194157,426,F,AUSAB-13,A,426
427,L,-0.0546287441738062,0.0020605972788391,0.0020605972788391,-0.2653481502813293,427,F,AUSAB-13,A,427
428,L,-0.0275479159663219,0.072230847188639,0.0591652250727861,-0.1149953960419081,428,F,AUSAB-13,A,428
429,V,0.0070948175288431,0.0141896350576862,0.0128238663605953,0.0013657686970909,429,F,AUSAB-13,A,429
430,A,0.0064788270081711,0.1530720552897001,0.0728626256308091,-0.0379198969849896,430,F,AUSAB-13,A,430
431,L,-0.0435783441052574,0.0138930272008671,0.010686227110265,-0.185720388606332,431,F,AUSAB-13,A,431
432,E,-0.0455651988817023,0.0,-0.0135788223625045,-0.0775515754009001,432,F,AUSAB-13,A,432
433,N,0.0010403675781017,0.0010403675781017,0.0010403675781017,0.0010403675781017,433,F,AUSAB-13,A,433
434,Q,-0.0332348486996115,0.0,-0.0120248749301842,-0.0523803783368917,434,F,AUSAB-13,A,434
435,H,-0.0584255647445731,0.0,-0.0031584754536282,-0.1004064223255862,435,F,AUSAB-13,A,435
436,T,-0.0026731165488299,0.0021259673184623,0.0021259673184623,-0.0074722004161221,436,F,AUSAB-13,A,436
437,I,-0.0580609279899078,0.0,-0.0525300394930721,-0.0635918164867434,437,F,AUSAB-13,A,437
438,D,-0.0053889067524516,0.0102948659673443,0.0071274842148821,-0.0187167197199077,438,F,AUSAB-13,A,438
439,L,0.0158374820666044,0.1663353865499453,0.0646057336905616,-0.0311227081587235,439,F,AUSAB-13,A,439
440,T,0.0219710512346274,0.0659131537038822,0.0371374069494142,0.008171897626291,440,F,AUSAB-13,A,440
441,D,0.0008244232273327,0.0221506366450405,0.0112168194331625,-0.0109863176322108,441,F,AUSAB-13,A,441
442,S,0.0159398401122591,0.8383388522838883,0.4097365135878804,-0.1612486724444665,442,F,AUSAB-13,A,442
443,E,0.0012025001978231,0.2209914614853237,0.1934977435978626,-0.12806192018713,443,F,AUSAB-13,A,443
444,M,-0.1409796692425195,0.013509169047188,0.013509169047188,-0.3965058694816193,444,F,AUSAB-13,A,444
445,N,-0.0015749142820073,0.1927098875535363,0.0784289276484718,-0.0699324008919346,445,F,AUSAB-13,A,445
446,K,-0.0802717139422789,0.0,-0.001522243453429,-0.2727373366195295,446,F,AUSAB-13,A,446
447,L,0.0028351313083725,0.0028351313083725,0.0028351313083725,0.0028351313083725,447,F,AUSAB-13,A,447
448,F,-0.0364102941938292,0.0,-0.018249117906368,-0.0555761094084208,448,F,AUSAB-13,A,448
449,E,0.0121143353692561,0.3436584612722238,0.1275449607874047,-0.0641150792766244,449,F,AUSAB-13,A,449
450,K,-0.0830324543898917,0.0398585610190966,0.0398585610190966,-0.4893038094094005,450,F,AUSAB-13,A,450
451,T,0.013493912799169,0.013493912799169,0.013493912799169,0.013493912799169,451,F,AUSAB-13,A,451
452,K,-0.0064860417844795,0.0147043084291549,0.0104306576220113,-0.0254470451491872,452,F,AUSAB-13,A,452
453,K,-0.024205218115078,0.2045457354395007,0.1637485605185052,-0.1262298631934969,453,F,AUSAB-13,A,453
454,Q,-0.0348051191369688,0.4857610477424396,0.3545221443992056,-0.6612965083438908,454,F,AUSAB-13,A,454
455,L,0.0024990085163685,0.0024990085163685,0.0024990085163685,0.0024990085163685,455,F,AUSAB-13,A,455
456,R,0.0513833205886292,0.3240223693736814,0.2622320615762585,-0.0157224458419058,456,F,AUSAB-13,A,456
457,E,0.0027669682962645,0.0108435522932095,0.0085577911818635,-0.0025426474044158,457,F,AUSAB-13,A,457
459,A,-0.0218797818368126,0.0,-0.008548319820248,-0.0377110988288189,459,F,AUSAB-13,A,459
460,E,-0.0405701114160385,0.0,-0.0205118464750489,-0.0847746073751449,460,F,AUSAB-13,A,460
461,D,-0.0169877646092909,0.0368843626519685,0.0364684112597262,-0.0808273487517434,461,F,AUSAB-13,A,461
462,M,-0.010288506587856,0.0069889116910622,0.0038589492406401,-0.0369373146941063,462,F,AUSAB-13,A,462
463,G,-0.0329914152166787,0.0064592019611624,0.0058250653571091,-0.1645042301892901,463,F,AUSAB-13,A,463
464,N,-0.0241569614221741,0.0,-0.0189908619482154,-0.0293230608961329,464,F,AUSAB-13,A,464
465,G,0.0006729099191325,0.0006729099191325,0.0006729099191325,0.0006729099191325,465,F,AUSAB-13,A,465
466,C,-0.0523970682450504,0.0,-0.0247803951412531,-0.0800137413488477,466,F,AUSAB-13,A,466
467,F,0.2098026147870836,0.2098026147870836,0.2098026147870836,0.2098026147870836,467,F,AUSAB-13,A,467
468,K,-0.0381607975347847,0.0461912478072116,0.0461912478072116,-0.2069750588800598,468,F,AUSAB-13,A,468
469,I,-0.0029399014316431,0.024270315514569,0.0228910808899751,-0.0296905252070701,469,F,AUSAB-13,A,469
470,Y,-0.0275197187667456,0.0,-0.0020385851084944,-0.0473325355348842,470,F,AUSAB-13,A,470
471,H,-0.0149905465793781,0.0210875592018126,0.0210875592018126,-0.0436881333589554,471,F,AUSAB-13,A,471
472,K,-0.01525896670939,0.1991931189476649,0.0726258114703879,-0.1525052735487441,472,F,AUSAB-13,A,472
473,C,-0.0074392846187425,0.0,-0.0074392846187425,-0.0074392846187425,473,F,AUSAB-13,A,473
474,D,-0.0052266519586277,0.0041143275777105,0.0041143275777105,-0.0139834078981421,474,F,AUSAB-13,A,474
475,N,0.1854404531185777,0.1854404531185777,0.1854404531185777,0.1854404531185777,475,F,AUSAB-13,A,475
476,A,0.0011073061568972,0.4804320202639544,0.278282543089858,-0.1255879134540075,476,F,AUSAB-13,A,476
477,C,0.0033632461722203,0.0135744089105802,0.0135744089105802,-0.0068479165661395,477,F,AUSAB-13,A,477
478,I,-0.026490256285667,0.0,-0.0127997992502003,-0.0401807133211337,478,F,AUSAB-13,A,478
479,G,0.0018024985894624,0.2694386885259202,0.092589911348196,-0.0435464360612967,479,F,AUSAB-13,A,479
480,S,0.0109288118225745,0.1844223133022348,0.1792437429671742,-0.0279507104058396,480,F,AUSAB-13,A,480
481,I,0.0201174550208807,0.0603523650626422,0.0384903983637847,0.0059396348221659,481,F,AUSAB-13,A,481
482,R,0.0143618941919513,0.3711065271096599,0.2845053338561468,-0.1405983799360404,482,F,AUSAB-13,A,482
483,N,-0.0177769905739776,0.0,-0.0177769905739776,-0.0177769905739776,483,F,AUSAB-13,A,483
484,E,-0.0052997060485017,0.0630210763795098,0.030529865319311,-0.0672537917977873,484,F,AUSAB-13,A,484
485,T,0.0033111752094052,0.0127110887943964,0.0127110887943964,-0.0060887383755859,485,F,AUSAB-13,A,485
486,Y,-0.1722231444337899,0.0,-0.0334516960659945,-0.3109945928015853,486,F,AUSAB-13,A,486
487,D,-0.0126411265353648,0.0317043644183521,0.0225855411609951,-0.0436959440825049,487,F,AUSAB-13,A,487
488,H,-0.0315906852412792,0.014933502811519,0.0119683195289551,-0.1469236278219857,488,F,AUSAB-13,A,488
489,N,-0.0076867292416867,0.2232684425059675,0.1267379560293307,-0.1923156648513964,489,F,AUSAB-13,A,489
490,V,-0.0115829121851623,0.1086610532520035,0.0661017861755304,-0.0688657740704185,490,F,AUSAB-13,A,490
491,Y,-0.0113783842745504,0.0104720072143364,0.0104720072143364,-0.0380519876178916,491,F,AUSAB-13,A,491
492,R,-0.0194220719291492,0.0109700169429174,0.0109700169429174,-0.0619365996516786,492,F,AUSAB-13,A,492
493,D,-0.0294633449881868,0.1792424572775493,0.0632364931970282,-0.3738432855557565,493,F,AUSAB-13,A,493
494,E,-0.0148210788913359,0.0297458347059893,0.0297458347059893,-0.0674241571057102,494,F,AUSAB-13,A,494
495,A,-0.0098883878768129,0.0320541839115709,0.0159424846745349,-0.0716077354188227,495,F,AUSAB-13,A,495
496,L,-0.0027083273696953,0.0762522016153747,0.0578664401163421,-0.042946143855917,496,F,AUSAB-13,A,496
497,N,0.0158886242842583,0.7586446502530113,0.2094943020136402,-0.1154022504328742,497,F,AUSAB-13,A,497
498,N,0.0470524973305406,0.3795765693292445,0.2497360904937736,-0.0457047350715402,498,F,AUSAB-13,A,498
499,R,0.0258043663535277,0.0774130990605831,0.0507447188558635,0.0051499802733439,499,F,AUSAB-13,A,499
500,F,0.0427533178037104,0.2240697057951861,0.0897376252236287,-0.0103031167766336,500,F,AUSAB-13,A,500
501,Q,-0.0303447706659518,0.2477490628351086,0.0833280960582736,-0.3170240667378418,501,F,AUSAB-13,A,501
502,I,-0.0637559282626403,0.0,-0.0228292495882504,-0.1046826069370301,502,F,AUSAB-13,A,502
503,K,-0.0323765278999734,0.157222260100819,0.0595767159031324,-0.1576380158982692,503,F,AUSAB-13,A,503
504,G,-0.0498145300850675,0.2305622557981874,0.2096799544694259,-0.5772983636638662,504,F,AUSAB-13,A,504
505,V,-0.0128776537772729,0.0,-0.0051358089046729,-0.020619498649873,505,F,AUSAB-13,A,505
506,E,-0.0013197914378026,0.0057036957565168,0.0057036957565168,-0.005737525965429,506,F,AUSAB-13,A,506
507,L,0.1586070735144484,0.4758212205433453,0.4564417158829351,0.0088157812481028,507,F,AUSAB-13,A,507
508,K,-0.001076721666017,0.0,-0.001076721666017,-0.001076721666017,508,F,AUSAB-13,A,508
509,S,-0.031888138010521,0.0,-0.031888138010521,-0.031888138010521,509,F,AUSAB-13,A,509
510,G,-0.0244991499683805,0.0004975356596798,0.0004975356596798,-0.090328920951242,510,F,AUSAB-13,A,510
512,K,-0.0024176151500926,0.0,-0.0010340560307174,-0.0037381332253242,512,F,AUSAB-13,A,512
513,D,0.0006135250698972,0.0085449393483763,0.0085449393483763,-0.0073178892085818,513,F,AUSAB-13,A,513
514,W,0.0013694787987596,0.0037477745907033,0.0037477745907033,-0.0010088169931841,514,F,AUSAB-13,A,514
516,L,-0.0140791366424957,0.0042538725483534,0.0042538725483534,-0.037757041618477,516,F,AUSAB-13,A,516
517,W,0.0234768316677966,0.0469536633355933,0.0330677925357591,0.0138858707998341,517,F,AUSAB-13,A,517
518,I,0.0103677600987309,0.0103677600987309,0.0103677600987309,0.0103677600987309,518,F,AUSAB-13,A,518
519,S,0.0047367046852276,0.0201586707841154,0.014166293529778,-0.0059485567284323,519,F,AUSAB-13,A,519
520,F,0.0024261152761378,0.0245826331940365,0.0213910484221591,-0.0143499538001112,520,F,AUSAB-13,A,520
521,A,-0.0012608100819851,0.0267177805383209,0.0219831881602001,-0.0240217360843788,521,F,AUSAB-13,A,521
522,I,-0.0019750352244264,0.0,-0.0019750352244264,-0.0019750352244264,522,F,AUSAB-13,A,522
523,S,-0.0147719710154451,0.008349922718126,0.008349922718126,-0.0479888110954383,523,F,AUSAB-13,A,523
524,C,0.0106206071912432,0.0318618215737297,0.0194537906386332,0.0024339744424271,524,F,AUSAB-13,A,524
525,F,0.0689938793178652,0.1379877586357304,0.1112433701289934,0.026744388506737,525,F,AUSAB-13,A,525
526,L,-0.0038339336183875,0.0399635572888377,0.0300376559963632,-0.0514653581440005,526,F,AUSAB-13,A,526
527,L,-0.0014067908489513,0.0051121878064146,0.0051121878064146,-0.0079257695043174,527,F,AUSAB-13,A,527
528,C,-0.0082024547985335,0.0,-0.004780936035012,-0.0116239735620551,528,F,AUSAB-13,A,528
529,V,-0.0087486733644126,0.0,-0.002308011304684,-0.0151893354241411,529,F,AUSAB-13,A,529
530,A,0.0024852877611592,0.0158243302090937,0.0073299324448155,-0.0058831791644565,530,F,AUSAB-13,A,530
531,L,0.0141634864099163,0.0141634864099163,0.0141634864099163,0.0141634864099163,531,F,AUSAB-13,A,531
532,L,0.0392356867977621,0.0784713735955243,0.0732352153555714,0.0052361582399528,532,F,AUSAB-13,A,532
533,G,-0.0090941635636182,0.0,-0.0041936408553743,-0.0183514090937097,533,F,AUSAB-13,A,533
536,M,0.0108138281947106,0.0324414845841318,0.0134202910458728,0.0070496925918907,536,F,AUSAB-13,A,536
537,W,-0.0282168226490609,0.0,-0.0024857415053786,-0.0944497650005675,537,F,AUSAB-13,A,537
538,A,0.0038972779281349,0.0580109971061667,0.0378213922962277,-0.0259979088580677,538,F,AUSAB-13,A,538
539,C,0.0042253068918806,0.0240654676952345,0.0189913710565626,-0.0071642401277118,539,F,AUSAB-13,A,539
540,Q,-0.016687124303304,0.0005555736228027,0.0005555736228027,-0.0436762026671785,540,F,AUSAB-13,A,540
541,K,0.0032846213333764,0.0065692426667528,0.0033602611148465,0.0032089815519063,541,F,AUSAB-13,A,541
