epitope,site,wildtype,mean,total positive,max,min,total negative,n mutations
1,1,Q,0.002196823932868824,0.020329153215788244,0.020329153215788244,-0.006954800695125487,-0.011541857484312948,4
1,2,K,-0.0032069750065817533,0.0014175310051859904,0.0014175310051859904,-0.009768401858203195,-0.01103845602493125,3
1,3,I,-0.014578073082321508,0.151392402327497,0.04697716087681159,-0.1082054362728139,-0.41379771780928415,18
1,4,P,-0.005481671524261861,0.21433702021545809,0.10258947075651073,-0.09793493156438379,-0.3184887791764335,19
1,5,G,-0.024712074896881497,0.1409495053457519,0.0547362392351047,-0.17234031733125874,-0.5610547785927373,17
1,6,N,0.0006076907891699268,0.21825211801150304,0.056633618966261165,-0.042444709030728694,-0.20731368380644435,18
1,7,D,-0.013171546285683847,0.08316222034756016,0.041662714014702125,-0.06570540548877056,-0.2939069609185017,16
1,8,N,-0.00146148120903651,0.23395675838405758,0.09147478975432681,-0.08065934889463953,-0.26172490135575127,19
1,9,S,-0.0022160161708406193,0.11647547501515922,0.028050308933658234,-0.03506042022615785,-0.15636376609029035,18
1,10,T,-0.007219464445230594,0.12034056244199878,0.031134326651897092,-0.06048204673996379,-0.23585199356568826,16
1,11,A,-0.005609398427106577,0.013001434812247355,0.011886583671262498,-0.025012835399369333,-0.04104842694778024,5
1,12,T,-0.01508518861138986,0.015116612315273989,0.006846230978992062,-0.04497026400044492,-0.18105368704056243,11
1,13,L,-0.03569226246191535,0.0,-0.0054782041451572365,-0.06590632077867346,-0.0713845249238307,2
1,14,C,-0.00517806352048119,0.0013738783138083593,0.0013738783138083593,-0.01173000535477074,-0.01173000535477074,2
1,15,L,-0.034103633891412036,0.0,-0.024015273503399517,-0.04419199427942455,-0.06820726778282407,2
1,16,G,-0.013200980681436039,0.0,-0.009688278957594195,-0.016416410127743888,-0.039602942044308115,3
1,17,H,-0.0009559410117984633,0.009567157395760386,0.009567157395760386,-0.011479039419357313,-0.011479039419357313,2
1,18,H,4.0974123384587606e-05,0.05415679358991425,0.03167125869839439,-0.032108054598195726,-0.05391094884960672,6
1,19,A,-0.011854161112765056,0.027652917123745423,0.027652917123745423,-0.055888607531130875,-0.0869237226875707,5
1,20,V,-0.004409314955213531,0.0009474415689884522,0.0009474415689884522,-0.009682741702326594,-0.018584701389842573,4
1,21,P,-0.0031916643213194245,0.12273070059390104,0.0820797618489608,-0.04193926089999912,-0.17698899405633126,17
1,22,N,0.004157303097579747,0.15706979745563354,0.11942428035665355,-0.03264240327096284,-0.10718216028467659,12
1,23,G,-0.005232369467088589,0.001958958524218515,0.001958958524218515,-0.012423697458395692,-0.012423697458395692,2
1,24,T,0.0034309960348052108,0.21505672134830936,0.11378004014421446,-0.06934720115860953,-0.18074676100025724,10
1,25,I,0.00013631935164755288,0.15227526882409392,0.06069675965886735,-0.056529953043318454,-0.15077575595597084,11
1,26,V,-0.0054850192987936815,0.005898035446561177,0.005898035446561177,-0.01686807404414854,-0.01686807404414854,2
1,27,K,-0.011461610461117579,0.04364797249656029,0.04001959369712098,-0.056275762978349214,-0.13534085618550093,8
1,28,T,0.007994019250562704,0.015988038501125408,0.011377050045534845,0.004610988455590563,0.0,2
1,29,I,-0.041132131266419306,0.0,-0.023489948068698273,-0.04930792853864603,-0.16452852506567722,4
1,30,T,0.009373134827960428,0.28154620749666853,0.08349536448539344,-0.04335205008115446,-0.15032231990522255,14
1,31,N,-0.00022661264409961726,0.1954211684923428,0.050259305471605314,-0.06114828518928044,-0.19950019608613595,18
1,32,D,-0.005742361891493061,0.11323285910919267,0.05683383452498923,-0.04481907085967947,-0.1936259255900955,14
1,33,R,-0.0019926015689030138,0.16697994765149632,0.05045948165227171,-0.049380274191169055,-0.1968689711850415,15
1,34,I,-0.035499139911795194,0.02555847176395001,0.01853688957754638,-0.091516152114738,-0.27405245114651633,7
1,35,E,-0.025523186708107947,0.013833768439993099,0.013833768439993099,-0.05893765543529645,-0.1669728886886408,6
1,36,V,-0.033830093041073026,0.0,-0.024791988489795226,-0.042868197592350825,-0.06766018608214605,2
1,37,T,-0.02505684058592168,0.04014694112932378,0.0201653798729572,-0.09379409161638551,-0.21554482523077556,7
1,38,N,-0.006934410494822068,0.07356553970555718,0.03414598055381158,-0.04912801387761271,-0.17064728663306614,14
1,39,A,-0.0508300414828447,0.0,-0.007142490083671162,-0.08205348519134656,-0.3049802488970682,6
1,40,T,-0.023372562689484802,0.07157245158142883,0.036702921256119216,-0.13058845760819768,-0.3052980784762768,10
1,41,E,-0.014890156309260456,1.3803529171312031e-05,1.3803529171312031e-05,-0.029794116147692222,-0.029794116147692222,2
1,42,L,0.0016733498839456974,0.0016733498839456974,0.0016733498839456974,0.0016733498839456974,0.0,1
1,43,V,-0.007167294764663757,0.0,-0.0021795380765751503,-0.012155051452752363,-0.014334589529327514,2
1,44,Q,-0.023339309830013387,0.138452608854651,0.07879603216370312,-0.08681577835627617,-0.4885422563048518,15
1,45,N,-0.01757296795889993,0.0071818414103234016,0.005525443697643333,-0.0461493092408006,-0.21805745691712258,12
1,46,S,-0.0057047518094500245,0.153650202834987,0.046753571774995235,-0.08375894066715492,-0.25063098359563746,17
1,47,S,-0.010674403442158425,0.06572340268046042,0.03269055502764548,-0.07556405253601028,-0.19381624398636152,12
1,48,I,-0.01855987027667727,0.1793620349737067,0.06441225590534473,-0.10308808140924525,-0.5134396999538976,18
1,49,G,-0.012044051902639092,0.028080871716466005,0.018969408516991745,-0.05718644550027708,-0.08830113122966146,5
1,50,E,0.0009141201015251708,0.27101475235319616,0.06124808541940408,-0.06826528839152277,-0.25364647042421795,19
1,51,I,-0.00338961226996293,0.002644753005308628,0.002644753005308628,-0.009423977545234488,-0.009423977545234488,2
1,53,D,0.013906012997273415,0.16252252369354606,0.053496224616609335,-0.033993915362582595,-0.06518043271263214,7
1,54,S,-0.0017884923580179606,0.26456772736042544,0.18274723986910152,-0.05693981832438535,-0.28602963565664097,12
1,55,P,0.008318481718346742,0.016636963436693485,0.008849140995587538,0.007787822441105948,0.0,2
1,56,H,-0.047032871572839356,0.019352681784536085,0.019352681784536085,-0.10964472901642187,-0.3015499112215722,6
1,57,Q,0.03151618651550309,0.6927627467158283,0.2211079733095266,-0.09715197052481382,-0.25153613549878495,14
1,58,I,0.00025070483289839633,0.00025070483289839633,0.00025070483289839633,0.00025070483289839633,0.0,1
1,59,L,-0.022968433778881543,0.0,-0.014168777460926497,-0.035135469533623544,-0.06890530133664463,3
1,61,G,-0.07435597968593399,0.0,-0.07435597968593399,-0.07435597968593399,-0.07435597968593399,1
1,62,G,-0.01457124228669718,0.17312946760684458,0.07685595718637848,-0.10305820535622341,-0.449983071054091,19
1,63,N,-0.02807524021097222,0.0,-0.0012640905952189972,-0.054886389826725446,-0.05615048042194444,2
1,64,C,-0.018671447829009886,0.0,-0.015236995002328097,-0.022105900655691676,-0.03734289565801977,2
1,65,T,-0.004478038888148529,0.0,-0.0011435984749062953,-0.007812479301390763,-0.008956077776297058,2
1,66,L,0.002426874191588245,0.007638693716746475,0.007638693716746475,-0.002784945333569985,-0.002784945333569985,2
1,67,I,-0.07086553005212738,0.0,-0.04654868069831285,-0.09518237940594192,-0.14173106010425476,2
1,69,A,-0.06769587700279112,0.0,-0.005417466408321259,-0.2874314193071998,-0.3384793850139556,5
1,70,L,-0.16970614327642863,0.0,-0.16970614327642863,-0.16970614327642863,-0.16970614327642863,1
1,71,L,-0.044297295846103694,0.0,-0.044297295846103694,-0.044297295846103694,-0.044297295846103694,1
1,72,G,-0.008258139590988312,0.0,-0.007688049291161645,-0.008828229890814979,-0.016516279181976623,2
1,73,D,-0.04777810711504606,0.0031973526905144595,0.0031973526905144595,-0.18192279703820607,-0.2420878882657448,5
1,74,P,-0.007928962969855081,0.0003083884991804898,0.0003083884991804898,-0.01583677031269405,-0.024095277408745737,3
1,75,Q,-0.04491118974307084,0.0,-0.0007597876187379783,-0.143748732285084,-0.4491118974307084,10
1,77,D,0.0090989460445623,0.0429575742803148,0.03670901734652815,-0.0053997184607844,-0.006561790102065591,4
1,78,G,0.31434944669112996,1.5717472334556497,0.5772643465190265,0.07003178310453699,0.0,5
1,79,F,0.002456004953675773,0.03742717848913827,0.03742717848913827,-0.01697308939489288,-0.030059163628110952,3
1,80,Q,0.04978988930656596,0.31215004036205934,0.2823911022248613,-0.036951899257987524,-0.06320059382922956,5
1,81,N,0.21053352497435235,0.4210670499487047,0.39012764713274595,0.030939402815958767,0.0,2
1,82,K,0.26789912831538953,2.4128059904558605,0.6119147071339112,-0.0017138356173543282,-0.0017138356173543282,9
1,83,K,0.11481190821731085,2.2722285650133056,0.5481896617616374,-0.04147134926038992,-0.09080230888439914,19
1,84,W,-0.010785524372478275,0.0,-0.010597186241301217,-0.010973862503655332,-0.02157104874495655,2
1,85,D,0.00048054324599286404,0.006989459739100995,0.004571967467038777,-0.005547830001122403,-0.005547830001122403,3
1,86,L,-0.03897960819420091,0.0,-0.01165776337805963,-0.06928052815504515,-0.11693882458260273,3
1,87,F,0.09887813115664752,0.09887813115664752,0.09887813115664752,0.09887813115664752,0.0,1
1,88,V,0.057503617832339426,0.11500723566467885,0.07060408515551692,0.044403150509161944,0.0,2
1,89,E,-0.007210750917506375,0.0,-0.0037560399769091864,-0.009057507524575837,-0.0288430036700255,4
1,91,S,-0.014173440418820382,0.024677127108753003,0.015544583807301358,-0.053672492175810875,-0.10971776962167529,6
1,92,R,0.011810813388761044,0.5080523182404932,0.09871412026437854,-0.05590368854624835,-0.28364686385403337,19
1,93,A,-0.034226713259919134,0.0,-0.0030562958728609256,-0.06461477842213313,-0.13690685303967653,4
1,94,Y,0.03451191638131653,0.6751891269142176,0.21535735805659376,-0.08077478585748064,-0.12299846481315316,16
1,95,S,-0.006106094291116421,0.0,-0.0005350439607853265,-0.010297096808112428,-0.018318282873349263,3
1,96,N,-0.03446020072024867,0.009956356640854489,0.009956356640854489,-0.11821600445869825,-0.28563796240284384,8
1,98,Y,-0.011610211986409637,0.0,-0.011610211986409637,-0.011610211986409637,-0.011610211986409637,1
1,99,P,-0.024551476961604497,0.0,-0.002730827535876003,-0.051415098402905514,-0.0736544308848135,3
1,100,Y,-0.01627373440964495,0.0,-0.01627373440964495,-0.01627373440964495,-0.01627373440964495,1
1,101,D,0.0343613762789174,0.216541275377927,0.19093984809037376,-0.07909577026225739,-0.07909577026225739,4
1,102,V,-0.00936552548172579,0.0,-0.008347843328760401,-0.010586972825485114,-0.028096576445177372,3
1,103,P,-0.15975860541219664,0.0,-0.0195881766756302,-0.2706710690273031,-2.7158962920073426,17
1,104,D,-0.04986919573181196,0.0,-0.006725443790081014,-0.11839848569664864,-0.19947678292724785,4
1,105,Y,0.019143723170027112,0.038287446340054224,0.022563893198458335,0.015723553141595886,0.0,2
1,106,A,-0.10481394517389288,0.0,-0.0064588357457653015,-0.4853350073360424,-1.2577673420867146,12
1,107,S,-0.16493145537610687,0.0,-0.043845935095428556,-0.2763294973310214,-0.9895887322566412,6
1,108,L,-0.06767128869979493,0.0,-0.06767128869979493,-0.06767128869979493,-0.06767128869979493,1
1,109,R,-0.026337447368303873,0.0,-0.019203315243521604,-0.03347157949308614,-0.05267489473660775,2
1,110,S,-0.11885447184758371,0.0,-0.03270015915103269,-0.20500878454413474,-0.23770894369516743,2
1,111,L,-0.01622596507466775,0.0,-0.005161628883234576,-0.027290301266100922,-0.0324519301493355,2
1,112,V,-0.013396302288961113,0.0,-0.007697400756622338,-0.019095203821299887,-0.026792604577922225,2
1,113,A,0.00011157074965752536,0.005232280482485135,0.005232280482485135,-0.005009138983170084,-0.005009138983170084,2
1,114,S,-0.020397660040336656,0.02248678588774732,0.02248678588774732,-0.06022478651747023,-0.32845168649279716,15
1,115,S,-0.016521430456075306,0.0,-0.0055864225674959475,-0.027274215625793498,-0.09912858273645184,6
1,116,G,-0.0025382606576351374,0.022343816801657805,0.01739088631814523,-0.016838175244114725,-0.03249685943219835,4
1,117,T,0.014553003321526061,0.052601230660106746,0.052601230660106746,-0.023495224017054624,-0.023495224017054624,2
1,119,E,-0.006156540300103615,0.0,-0.0031551460377413085,-0.012015071157751684,-0.02462616120041446,4
1,121,K,-0.02799523685597275,0.3747782537633107,0.15314649710865968,-0.17378292601529424,-0.906687754026793,19
1,122,N,-0.19139660222183436,0.0,-0.011028013254287872,-0.43950467776154123,-2.679552431105681,14
1,124,S,-0.1940265622348524,0.12639172759470518,0.06906322163007694,-0.3956230843953623,-3.424843285587196,17
1,125,F,-0.012985358569828517,0.0,-0.005900597472186406,-0.020070119667470628,-0.025970717139657033,2
1,126,N,0.002621868818383812,0.00742045043939119,0.00742045043939119,-0.0021767128026235665,-0.0021767128026235665,2
1,127,W,-0.029761190589869365,0.0,-0.029761190589869365,-0.029761190589869365,-0.029761190589869365,1
1,128,A,-0.016428695955565925,0.23698419563371007,0.07727053035038545,-0.11332469051657672,-0.5491294187894626,19
1,129,G,-0.01505122865163927,0.0,-0.01011443897082158,-0.021161294832557367,-0.04515368595491781,3
1,130,V,-0.0034645897012513588,0.0,-0.0007876220243224115,-0.006141557378180306,-0.0069291794025027175,2
1,131,T,-0.03923762108119642,0.2643984203273748,0.2021370377864846,-0.3599821669578438,-1.009913220870107,19
1,132,Q,0.013409338370089043,0.05942132696027206,0.046604578171908585,-0.005569357368448129,-0.005783973479915889,4
1,133,N,0.013310230652188127,0.03993069195656438,0.017556840260536895,0.006187148556540278,0.0,3
1,134,G,-0.008443551554787945,0.0,-0.0025487680990410244,-0.014338335010534865,-0.01688710310957589,2
1,135,K,-0.01920694552457646,0.17107721576641835,0.052694014963492866,-0.15134153059268216,-0.5360091807333711,19
1,136,S,-0.0026537351270164837,0.00025031697674700163,0.00025031697674700163,-0.005309549534572009,-0.008211522357796451,3
1,137,F,0.12733721408910276,0.5279513472975403,0.49222025525591645,-0.014555914744684565,-0.01860249094112932,4
1,138,S,-0.13876296652870088,0.005038144306128662,0.003720706092698791,-0.34961961367711797,-2.6415345083514454,19
1,139,C,-0.013116167371963788,0.0,-0.007758024597058545,-0.01847431014686903,-0.026232334743927575,2
1,140,I,0.009762540283989152,0.13353233984108942,0.13353233984108942,-0.040235087119383436,-0.08471963842114366,5
1,141,R,-0.021220009402027066,0.0072119192718641196,0.0072119192718641196,-0.058114553925861547,-0.09209195687997238,4
1,142,G,-0.017156789355087364,0.2986462629298151,0.10437710863668133,-0.10995566536008193,-0.6246252606764751,19
1,143,S,0.007652994973784941,0.20418017286162116,0.05717360978853091,-0.057619295363167955,-0.11234423317620186,12
1,144,S,0.010059105849603477,0.5934049018509853,0.2274089345538424,-0.08490054445236823,-0.4022818907085193,19
1,145,S,0.055621987961890815,0.8095488576527318,0.6568403166646034,-0.06845899680679757,-0.19770699007193285,11
1,146,S,-0.001472583814074457,0.0,-0.001472583814074457,-0.001472583814074457,-0.001472583814074457,1
1,149,S,0.005044435641020449,0.005044435641020449,0.005044435641020449,0.005044435641020449,0.0,1
1,150,R,-0.013328067625226477,0.012695157371084169,0.006674052935083773,-0.05611978497066961,-0.06600742787199007,4
1,153,W,-0.002172179198100777,0.0,-0.002172179198100777,-0.002172179198100777,-0.002172179198100777,1
1,154,L,-0.0089578086095553,0.0,-0.0089578086095553,-0.0089578086095553,-0.0089578086095553,1
1,155,T,-0.021607437960900536,0.0,-0.001550268056537239,-0.04166460786526383,-0.04321487592180107,2
1,156,H,-0.009090858762712069,0.10330987902724185,0.0481518736929909,-0.0652130454869984,-0.18512760789165048,9
1,157,L,-0.0681615925435285,0.0,-0.00040396598044692303,-0.24745263223874153,-0.9542622956093991,14
1,158,N,-0.21912296887292237,0.0,-0.02076934952865673,-0.4126044712704353,-1.0956148443646119,5
1,159,Y,-0.10574761283079029,0.0,-0.026272664692669194,-0.18994476195514234,-2.0092046437850155,19
1,160,T,-0.6626578466707529,0.016593665866466472,0.016593665866466472,-1.3934839571239108,-12.607092752610772,19
1,161,Y,-0.013194521663667858,0.04614064127307811,0.02912604758405148,-0.05901560451545486,-0.11211324959141741,5
1,162,P,-0.0064702430641708315,0.018211320481829857,0.018211320481829857,-0.024525642061059443,-0.03762204967434235,3
1,163,A,-0.2704426320303509,0.040286594736290524,0.040286594736290524,-0.5222161274981512,-4.096926075191554,15
1,164,L,0.04496372342216423,0.29673204411333076,0.27453968264360895,-0.07069515526172414,-0.11687715042467384,4
1,165,N,-0.13755762619369954,0.0,-0.05388894633826641,-0.2212263060491327,-0.2751152523873991,2
1,166,V,-0.09240833600516037,0.0,-0.023283900108909104,-0.16153277190141163,-0.18481667201032073,2
1,167,T,-0.01916018224476169,0.013822813657647677,0.013822813657647677,-0.03896532793872426,-0.07130336039193275,3
1,168,M,-0.025927975969971862,0.0,-0.01798656204420527,-0.033869389895738455,-0.051855951939943724,2
1,169,P,-0.01839038654411034,0.001973799462210343,0.001973799462210343,-0.05917653100064555,-0.07553534563865169,4
1,171,K,-0.013533218522940427,0.2342365843827383,0.16243049160440728,-0.06274666714125388,-0.4913677363186064,19
1,172,E,0.0002398216667923704,0.030145245119241465,0.02990674637952828,-0.015794216498462455,-0.028946136785279613,5
1,173,Q,0.0022534220466809674,0.23228573330241534,0.11966085192600914,-0.056278886092631965,-0.1917241364621579,18
1,174,F,-0.08269636488286727,0.0,-0.06430413913962119,-0.10108859062611336,-0.16539272976573455,2
1,175,D,-0.03221348255885454,0.008185025829151545,0.008185025829151545,-0.12355514113660562,-0.1370389560645697,4
1,178,Y,-0.006629072290439246,0.0,-0.006629072290439246,-0.006629072290439246,-0.006629072290439246,1
1,179,I,-0.017922197305249302,0.0,-0.017922197305249302,-0.017922197305249302,-0.017922197305249302,1
1,180,W,0.001450948038375679,0.008706665302725696,0.008706665302725696,-0.005804769225974338,-0.005804769225974338,2
1,181,G,-0.011365085776455636,0.00013211501925609976,0.00013211501925609976,-0.02286228657216737,-0.02286228657216737,2
1,182,V,-0.004965959828175694,0.0,-0.004462014834693752,-0.005469904821657636,-0.009931919656351387,2
1,183,H,-0.01587989816762978,0.01883039200098779,0.013308814141387137,-0.04827740426578934,-0.16174947550965582,9
1,184,H,-0.20521599704271698,0.0,-0.01570936718130228,-0.4706758570234924,-0.8208639881708679,4
1,185,P,-0.00021358310531123526,0.011415854007322764,0.011415854007322764,-0.011843020217945234,-0.011843020217945234,2
1,186,G,-0.06832320983808597,1.0001587036012425,0.8521865998577927,-0.40683888125036727,-2.298299690524876,19
1,187,T,-0.08374428698077321,0.0,-0.0065189326918207256,-0.1850645745462755,-0.5862100088654125,7
1,188,D,-0.12286865407240806,0.0,-0.03490192595705084,-0.2172514590470733,-1.7201611570137127,14
1,189,K,0.014411628379440945,0.6403108923951903,0.25617080361857525,-0.12349145617602085,-0.40972483832413525,16
1,190,D,-0.026088933254267706,0.05665704912837726,0.03176974936925147,-0.14521491151963778,-0.5523467809594637,19
1,191,Q,-0.005852892547213502,0.0,-0.002818060030763601,-0.011873549699214697,-0.017558677641640506,3
1,192,I,-0.04345528192760767,0.30311547027242614,0.19058959824146826,-0.1728253820812669,-1.1287658268969718,19
1,193,S,0.03331517087653259,1.2630268230726436,0.5603725310848022,-0.1540634090766963,-0.6300385764185245,19
1,194,L,-0.034161756909238894,0.0,-0.016979182350559865,-0.05134433146791793,-0.06832351381847779,2
1,195,Y,-0.03050898161938889,0.0,-0.0021925966828211826,-0.07250569662221473,-0.3355987978132778,11
1,196,A,-0.015853170276575904,0.1406799849264762,0.07224568252027395,-0.10457398725892357,-0.3150648579688112,11
1,197,Q,-0.020210452615542517,0.2240588020988896,0.09456748175996302,-0.13816038533933447,-0.6080574017941974,19
1,198,S,-0.032414867877142074,0.2877012879344526,0.11125645909352265,-0.1655142938224377,-0.903583777600152,19
1,199,S,-0.010626098291756857,0.14549660345799334,0.08159315875672735,-0.06475330206849389,-0.31551417612610305,16
1,200,G,-0.06918295808472143,0.0,-0.0031903344370827853,-0.31407189919447276,-0.6226466227624928,9
1,201,R,-0.10234843160068516,0.006323528662173427,0.006323528662173427,-0.2220621049374747,-1.746246865873821,17
1,202,I,0.014111958348254643,0.03441742128736886,0.03441742128736886,-0.0061935045908595755,-0.0061935045908595755,2
1,203,T,-0.06448338111002717,0.029537361529164953,0.019010921550616164,-0.21384480185363947,-0.5454044104093823,8
1,207,K,-0.029298590812558055,0.06776305939225014,0.033841322613790664,-0.19583749133945924,-0.2728531950801565,7
1,208,R,-0.07257224429340747,0.021475297066803397,0.021475297066803397,-0.22969705670916596,-1.1826312057613229,16
1,209,S,0.0010220124242673822,0.023797614006456965,0.01650307151205578,-0.01004073975221022,-0.018687551885120054,5
1,210,Q,-0.2222727981765697,0.0,-0.1863187250143654,-0.2667356329419484,-0.8890911927062788,4
1,211,Q,-0.004722307302732274,0.0,-0.004722307302732274,-0.004722307302732274,-0.004722307302732274,1
1,212,A,-0.24756747114395555,0.0,-0.009995559389017637,-0.534979345659841,-1.732972298007689,7
1,213,V,-0.004292200450317696,0.010844657815126973,0.010844657815126973,-0.01628684044206253,-0.02372125916608006,3
1,214,I,0.022778996024256454,0.520790345534413,0.10981804928628348,-0.06340175872404735,-0.15632640914630974,16
1,215,P,-0.07219278620725496,0.0,-0.0006665849329565833,-0.19467182696176455,-0.6497350758652947,9
1,216,N,0.029623713946159258,1.7026125199207418,0.6839498084825993,-0.4894519074069338,-1.258256810728353,15
1,217,I,-0.03594352958199072,0.033377623452804976,0.033377623452804976,-0.12503321865134726,-0.28498233052674005,7
1,218,G,-0.24429215363706516,0.19560685227773567,0.19560685227773567,-0.467451062710172,-3.1271126959225177,12
1,219,S,-0.16543696315062595,0.09509345412773948,0.09509345412773948,-0.5002405713386326,-2.7420848645377545,16
1,220,R,-0.3407152564986743,0.0,-0.07952779419958146,-0.5883088749617149,-6.132874616976137,18
1,221,P,-0.03836727647864359,0.0,-0.01923215032014574,-0.059107516284283464,-0.15346910591457436,4
1,222,R,-0.16341418984187192,0.0,-0.041099630791588675,-0.439328863575896,-2.9414554171536946,18
1,223,I,-0.06182319479499823,0.04499333026934067,0.04499333026934067,-0.1183980733656034,-0.23046291465433538,3
1,224,R,-0.16375216770636775,0.0003610311797562259,0.0003610311797562259,-0.27373387491012574,-2.784147882188008,17
1,225,D,-0.13584727651840237,0.0,-0.02956660529869137,-0.18683939496255086,-0.5433891060736095,4
1,226,I,-0.10539965836017087,0.02354310180256801,0.02354310180256801,-0.423538728937185,-0.9721400270441058,9
1,227,P,0.18634467220632428,2.615197884439735,0.7327565821451683,-0.11070946278618685,-0.19271714575751975,13
1,228,S,-0.01298268315550206,0.0,-0.0058670438206541685,-0.02666453517491483,-0.03894804946650618,3
1,229,R,-0.13484011515926156,0.0,-0.07819131875451162,-0.2211804508918486,-0.40452034547778465,3
1,230,I,-0.0115146842244571,0.00568310806481209,0.00568310806481209,-0.028712476513726288,-0.028712476513726288,2
1,231,S,-0.054755936085837134,0.0,-0.03312760402100665,-0.09571337969774532,-0.27377968042918566,5
1,233,Y,-0.17975275545513883,0.0,-0.041664708973252196,-0.31784080193702546,-0.35950551091027766,2
1,234,W,-0.21312032241694104,0.0,-0.0026858063449825744,-0.41985408984326633,-1.0656016120847052,5
1,236,I,-0.02168735453673541,0.0,-0.015802915240793084,-0.027571793832677733,-0.04337470907347082,2
1,238,K,-0.044766747058525735,0.017401275512328337,0.017401275512328337,-0.1023251568414874,-0.19646826374643128,4
1,239,P,-0.015643562782250924,0.0,-0.012121346493098876,-0.01916577907140297,-0.03128712556450185,2
1,241,D,-0.006743214066533952,0.0,-0.006743214066533952,-0.006743214066533952,-0.006743214066533952,1
1,242,I,-0.2869625393115377,0.025196905528001128,0.025196905528001128,-0.6065278183003526,-2.6078597593318404,9
1,243,L,-0.00026396991758417056,0.00751008264185975,0.00751008264185975,-0.007413986996879057,-0.00830199239461226,3
1,244,L,-0.5016456002096346,0.0,-0.15594058856111623,-0.6996322329877509,-5.51810160230598,11
1,245,I,0.0040828542326164065,0.0040828542326164065,0.0040828542326164065,0.0040828542326164065,0.0,1
1,246,N,-0.0301910967905322,0.0,-0.0301910967905322,-0.0301910967905322,-0.0301910967905322,1
1,247,S,0.04204029636503147,0.3675340297102977,0.19389397062984157,-0.04136918469569286,-0.07325195515507749,7
1,249,G,-0.004179796049902843,0.0009196382284620948,0.0009196382284620948,-0.00927923032826778,-0.00927923032826778,2
1,251,L,-0.017160697690497027,0.0,-0.005285652238365699,-0.029035743142628356,-0.03432139538099405,2
1,253,A,-0.006609925365233079,0.0,-0.006609925365233079,-0.006609925365233079,-0.006609925365233079,1
1,254,P,-0.0025018288744789183,0.009939149402483648,0.009939149402483648,-0.014942807151441485,-0.014942807151441485,2
1,255,R,-0.01389685696839369,0.0,-0.006562536348247441,-0.02123117758853994,-0.02779371393678738,2
1,257,Y,-0.003989250134163108,0.0,-0.003989250134163108,-0.003989250134163108,-0.003989250134163108,1
1,258,F,-0.0004001887580353308,0.029643851087320098,0.029643851087320098,-0.01167176811982515,-0.03124460611946142,4
1,259,K,-0.01860816169199323,0.010148066664829897,0.010148066664829897,-0.06913367580191711,-0.10318887512479606,5
1,260,I,0.006216673035474336,0.047180901020224326,0.047180901020224326,-0.008525689472472273,-0.022314208878326983,4
1,261,R,-0.03958966711691723,0.018242751738398674,0.018242751738398674,-0.11540016929206284,-0.770446426959826,19
1,262,S,-0.047218033078754926,0.12135814488549987,0.07531819201247245,-0.1337290259466379,-0.7824106079880688,14
1,263,G,0.0017480731473359882,0.032976298110349696,0.029089599651629622,-0.018940252605630262,-0.025984005521005743,4
1,264,K,-0.11478621789622738,0.013570906708093598,0.013570906708093598,-0.29247195321590613,-1.1614330856703674,10
1,265,S,0.003655794415809873,0.03507260019883624,0.03507260019883624,-0.009465878327814125,-0.016793628119786876,5
1,266,S,-0.06774594819184432,0.0,-0.06774594819184432,-0.06774594819184432,-0.06774594819184432,1
1,267,I,-0.028653361474397836,0.0,-0.007696524048508271,-0.0496101989002874,-0.05730672294879567,2
1,268,M,-0.03138205268321387,0.0,-0.013060954985391096,-0.045662099934850923,-0.0941461580496416,3
1,269,R,-0.03418061037610179,0.0419466141879875,0.0419466141879875,-0.11461534631433072,-0.3495721075729035,9
1,270,S,0.011129763670700394,0.011129763670700394,0.011129763670700394,0.011129763670700394,0.0,1
1,271,D,-0.03607867205263965,0.0,-0.015766216100955,-0.0563911280043243,-0.0721573441052793,2
1,272,A,-0.018203471510916155,0.007435495657225881,0.007435495657225881,-0.0500735664577402,-0.09845285321180666,5
1,273,P,0.003907351787853078,0.019745806254303076,0.015888212169310027,-0.0030047060363327426,-0.004116399102890763,4
1,275,G,-0.004755937858067932,0.19787813200169185,0.06941199979931945,-0.07328079033239934,-0.25970532415657493,13
1,276,K,-0.035047913571010406,0.049655972664402144,0.038729789969648105,-0.08802356723248503,-0.43518302194551667,11
1,277,C,0.0034471149245302556,0.007220635657200548,0.007220635657200548,-0.00032640580814003643,-0.00032640580814003643,2
1,278,K,-0.02467325819759212,0.014965613716655172,0.014872792741391968,-0.07954242999221948,-0.4097377448781291,16
1,279,S,0.013337793181517895,0.50395613522762,0.1499573033506559,-0.09108615460524946,-0.2905514443233337,16
1,280,E,0.007990380020486949,0.39876917152981306,0.07599940546121471,-0.10064509692863698,-0.2789134712225088,15
1,281,C,-0.005252993090925992,0.0,-0.005252993090925992,-0.005252993090925992,-0.005252993090925992,1
1,282,I,-0.007590686388402894,0.0,-0.003094014351871223,-0.012087358424934564,-0.015181372776805788,2
1,283,T,0.02476492170306298,0.08860433882091885,0.0761676442182677,-0.014309573711729895,-0.014309573711729895,3
1,284,P,-0.011930268337848665,0.0,-0.003714744556080563,-0.020573225207169418,-0.03579080501354599,3
1,285,N,0.016669964506793127,0.016669964506793127,0.016669964506793127,0.016669964506793127,0.0,1
1,287,S,-0.013750548105596897,0.0,-0.013750548105596897,-0.013750548105596897,-0.013750548105596897,1
1,288,I,-0.0485796948029442,0.0,-0.04531269590498928,-0.051846693700899116,-0.0971593896058884,2
1,289,P,-0.010625703340267674,0.0021325878811744702,0.0021325878811744702,-0.03152723778147073,-0.06588680792278051,6
1,290,N,-0.018241255480041425,0.003851654223767515,0.003851654223767515,-0.034079488420900146,-0.11329918710401607,6
1,291,D,-0.021466784603508763,0.03422774799746718,0.019951252389218695,-0.06846741164647936,-0.29182916323957236,12
1,292,K,0.0016181154327193342,0.024704080918313845,0.024704080918313845,-0.021467850052875177,-0.021467850052875177,2
1,293,P,-0.006045124318237244,0.0,-0.0031351248799970214,-0.008955123756477466,-0.012090248636474487,2
1,294,F,-0.054887760876657844,0.0,-0.054887760876657844,-0.054887760876657844,-0.054887760876657844,1
1,295,Q,-0.009832255279674147,0.0,-0.009832255279674147,-0.009832255279674147,-0.009832255279674147,1
1,296,N,-0.016085960482842082,0.0,-0.01520536044286725,-0.016966560522816913,-0.032171920965684164,2
1,297,V,-0.009691993831206778,0.015070262557147057,0.015070262557147057,-0.04270598987860521,-0.053838237881974164,4
1,298,N,0.012825865791675599,0.012825865791675599,0.012825865791675599,0.012825865791675599,0.0,1
1,299,R,-0.05801099722544994,0.017720205544100236,0.014782105167915588,-0.17144879514001687,-0.4237971861222498,7
1,300,I,-0.07682278111735606,0.0012270510623912992,0.0012270510623912992,-0.22287544566541653,-0.6158093000012398,8
1,301,T,-0.058671524255133875,0.0,-0.016091848734652442,-0.11783412886189346,-0.2346860970205355,4
1,302,Y,-0.05152625450051313,0.0,-0.010328982663854482,-0.09272352633717178,-0.10305250900102626,2
1,303,G,-0.007060364350818381,0.004711423878706683,0.004711423878706683,-0.02138113952406301,-0.025892516931161826,3
1,304,A,-0.026676225670084767,0.05114712950575763,0.03506667549382429,-0.09503253050039864,-0.37126183754677483,12
1,305,C,-0.009914804667638773,0.0,-0.004770621651268096,-0.015058987684009451,-0.019829609335277547,2
1,306,P,-0.009185055361437882,0.0,-0.006949480625626321,-0.011294430819898312,-0.027555166084313645,3
1,307,R,-0.04488608748543858,0.0,-0.0013446436359817611,-0.11201612997128955,-0.6732913122815788,15
1,308,Y,-0.05846819803435102,0.0,-0.05846819803435102,-0.05846819803435102,-0.05846819803435102,1
1,309,V,0.029168077034774333,0.029168077034774333,0.029168077034774333,0.029168077034774333,0.0,1
1,310,K,-0.019740751641389786,0.003915304704919544,0.0023738546401349003,-0.057336382138544764,-0.14210056619464806,7
1,311,Q,-0.018941392888204945,0.10009143206579856,0.03562991223155267,-0.0876273328169873,-0.4410365040534876,18
1,312,N,8.697006760487598e-05,0.21921907764804305,0.11254334980561537,-0.11912066706736488,-0.21817543683678453,12
1,313,T,-0.012082869449699173,0.04393673993514705,0.04393673993514705,-0.0681024788345454,-0.0681024788345454,2
1,314,L,-0.0011635522692954373,0.024212123503460522,0.024212123503460522,-0.020199050210624517,-0.027702780311346833,3
1,315,K,-0.010127804252449957,0.001479582989881437,0.001479582989881437,-0.02067636077992204,-0.05211860425213122,5
1,316,L,-0.015984416167396164,0.0,-0.015984416167396164,-0.015984416167396164,-0.015984416167396164,1
1,317,A,-0.0368021121862475,0.0,-0.01136199367782114,-0.06224223069467387,-0.073604224372495,2
1,318,T,-0.0177684750195456,0.0,-0.00362784347170034,-0.025904724096893792,-0.08884237509772801,5
1,319,G,0.014121502709306477,0.014121502709306477,0.014121502709306477,0.014121502709306477,0.0,1
1,320,M,0.014237428170808556,0.014237428170808556,0.014237428170808556,0.014237428170808556,0.0,1
1,321,R,-0.030271187433977737,0.0,-0.022095932058710334,-0.03844644280924514,-0.060542374867955474,2
1,323,V,0.013165343888905124,0.26127672299648597,0.05603491268466886,-0.030512809255368232,-0.07696190855181423,14
1,324,P,0.010866407702412602,0.1557752646627122,0.05181236050823548,-0.061233835572514876,-0.06884400304341137,8
1,325,E,0.0025283376648928707,0.06278335310870317,0.06278335310870317,-0.05453657595270657,-0.05519834011402456,3
1,326,K,-0.027611670001496474,0.05026029215520771,0.021622880342065852,-0.08871243733932152,-0.5748820221836407,19
1,327,Q,-0.00963678086661543,0.06287461597443159,0.04522430044177361,-0.07916308113937028,-0.13996886290735505,8
1,328,T,-0.037232161105032135,0.11241244258649224,0.04870118939807373,-0.18771653559472354,-0.5591983758468779,12
1,329,R,0.004109869293827075,0.010991392523334647,0.010991392523334647,-0.002771653935680497,-0.002771653935680497,2
1,330,G,0.0011506996404175064,0.01831012624399138,0.016605756263941694,-0.01485802732273886,-0.01485802732273886,3
1,331,I,-0.003630196344897691,0.05888826679761565,0.04766335287735182,-0.0749025041927207,-0.0806694448670018,6
1,332,F,0.04988257952727902,0.10901190336200407,0.10901190336200407,-0.009246744307446033,-0.009246744307446033,2
1,333,G,0.003463402800183609,0.14098700159126137,0.054212622557667144,-0.04497429265585348,-0.1098163763896089,9
1,334,A,-0.02053641385425396,0.0044205449674915714,0.0040009215245477465,-0.05644864381888753,-0.12763902809301533,6
1,335,I,-0.05305334775136672,0.0,-0.013380787450223306,-0.11321391712960335,-0.15916004325410016,3
1,336,A,0.004413845221810333,0.03385193763276868,0.02518427265888979,-0.009894118690375825,-0.016196556745527356,4
1,337,G,-0.010908253866204122,0.0,-0.0034477461322558675,-0.018368761600152377,-0.021816507732408244,2
1,338,F,-0.0012632351899337384,0.0026724824205886064,0.0026724824205886064,-0.005198952800456083,-0.005198952800456083,2
1,339,I,0.00589383819960175,0.04089953697607398,0.038271065044588486,-0.023218022377268728,-0.023218022377268728,3
1,341,N,-0.027421094037820712,0.0,-0.0018574520193308877,-0.05298473605631054,-0.054842188075641424,2
1,342,G,-0.00561067199637455,0.0,-0.00561067199637455,-0.00561067199637455,-0.00561067199637455,1
1,343,W,-0.04209706263647413,0.0,-0.015717351269326996,-0.06847677400362126,-0.08419412527294826,2
1,344,E,-0.02632227232309672,0.10802824567794204,0.09886938846633196,-0.1024428088773022,-0.397573241232006,11
1,345,G,-0.032252722450729084,0.0,-0.0056447768172779795,-0.09403332304385147,-0.12901088980291633,4
1,346,M,0.017496001432167636,0.06118073085474032,0.03209022789891455,-0.008692726558237409,-0.008692726558237409,3
1,347,V,0.050945592793977625,0.8505784747666155,0.1931089336397826,-0.0372978550861293,-0.08639458285695109,15
1,348,D,-0.00985605906099855,0.0,-0.009099283940106256,-0.010612834181890842,-0.0197121181219971,2
1,349,G,-0.005664098436076981,0.0,-0.002400222840430953,-0.00892797403172301,-0.011328196872153962,2
1,350,W,-0.043342892458789715,0.0,-0.043342892458789715,-0.043342892458789715,-0.043342892458789715,1
1,351,Y,-0.0011014987777934067,0.0,-0.0011014987777934067,-0.0011014987777934067,-0.0011014987777934067,1
1,352,G,0.0012397788645665943,0.007416734281969903,0.00695318277551675,-0.003697397688270119,-0.003697397688270119,3
1,353,F,-0.014295594420911798,0.02547909878567817,0.02547909878567817,-0.06284870194170149,-0.06836588204841357,3
1,354,R,-0.0034567450005523514,0.01909153037514266,0.018105463875389128,-0.029453932189989575,-0.03637525537790441,5
1,355,H,0.00952838007780582,0.00952838007780582,0.00952838007780582,0.00952838007780582,0.0,1
1,356,Q,-0.008319929376002426,0.16098092441100853,0.09639832160143283,-0.07299019193242513,-0.2857798650510449,15
1,358,S,-0.0036066327278994337,0.19222289903225892,0.05564737633194985,-0.06347867372021898,-0.2463223899507504,15
1,359,E,-0.027202380511881605,0.0,-0.01705472870608082,-0.03511890624497572,-0.08160714153564481,3
1,360,G,-0.009805292953702244,0.0,-0.005934604719403726,-0.013675981188000763,-0.019610585907404488,2
1,361,R,-0.006563800193731482,0.15633881775340303,0.056283292899551016,-0.07011281230649234,-0.2613596208531067,16
1,362,G,0.00017626726234311156,0.012721306192230861,0.012721306192230861,-0.012368771667544638,-0.012368771667544638,2
1,363,Q,-0.007688204356961918,0.09012146963087816,0.06234927724768793,-0.06792236621130793,-0.14393890012961158,7
1,364,A,-0.030825627983378477,0.0038069086691167506,0.0038069086691167506,-0.09710873533726525,-0.12710942060263067,4
1,365,A,-0.02474194172015338,0.0,-0.0007850947452014371,-0.04463354055531459,-0.09896776688061353,4
1,367,L,0.003343231512612146,0.25899413469194066,0.11151380003371514,-0.06328518010718653,-0.21553212502798275,13
1,368,K,-0.015516769277392687,0.18309685169324996,0.12978957805930108,-0.1097078497127967,-0.44688192940892557,17
1,369,S,-0.008028827149419191,0.06315010852726151,0.05856406112943331,-0.08544138808454993,-0.11935189857319585,7
1,370,T,-0.007458167299379917,0.0,-0.007458167299379917,-0.007458167299379917,-0.007458167299379917,1
1,371,Q,-0.028286559775497034,0.020206768093407938,0.017145028580787206,-0.09982235273819377,-0.18992612674639014,6
1,372,A,0.019929395278706026,0.39848761403378086,0.08448002460333602,-0.028750406328047762,-0.07961728957448447,16
1,373,A,-0.005937223133203546,0.014233231446668623,0.014233231446668623,-0.01980650934620371,-0.04391934711268635,5
1,374,I,-0.007258947552797483,0.21428516942439543,0.10738389194187882,-0.1321326763055673,-0.30139254005796523,12
1,375,D,-0.00899089645682953,0.1126867197538497,0.057539761020197464,-0.0683248032106919,-0.19360478786531546,9
1,376,Q,0.02887710500515818,0.5099747130072889,0.1375849073771788,-0.07971727866219308,-0.1345723479402326,13
1,377,I,0.012351101434542933,0.0406152718965038,0.0406152718965038,-0.015913069027417938,-0.015913069027417938,2
1,378,N,-0.004368069467503217,0.04555169166632619,0.03219605657085324,-0.030891085174511043,-0.08923238634135836,10
1,379,G,0.0031767054837142203,0.2911097227208682,0.04872880181106374,-0.07946500420680977,-0.24663584594886914,14
1,380,K,0.012728089830280573,0.10466966554118376,0.06525817921419566,-0.025277580089274512,-0.028301126559500317,6
1,381,L,-0.0072996159203039404,0.01062949184644093,0.009738894569332765,-0.03632613607589232,-0.06172680328856851,7
1,382,N,-0.01582829475114958,0.12129436007204902,0.10697909596785217,-0.06922647274858741,-0.24792071808124566,8
1,383,R,-0.005298154101034661,0.1536574660332104,0.15022436622554863,-0.07510528728811207,-0.206639007043557,10
1,384,L,-0.020880868271547604,0.02519627152514254,0.014612309573139694,-0.10766906722728838,-0.12960061288288055,5
1,385,I,-0.02348692208894263,6.676308439013803e-06,6.676308439013803e-06,-0.04374372826716529,-0.09395436466420953,4
1,386,G,-0.004296908836899938,0.2566748902455674,0.11839975117651615,-0.08714248884067326,-0.3383161581466662,19
1,387,K,0.005979586054389148,0.11287739351223564,0.060388970515655366,-0.021180706014520507,-0.06504070507712245,8
1,388,T,-0.026515801839445696,0.03336120957924203,0.025007869737382147,-0.10607993771720296,-0.29851922797369895,10
1,389,N,-0.03288039913605151,0.006249677410533448,0.006249677410533448,-0.09940829530471507,-0.2035320722268425,6
1,390,E,0.004359902421418852,0.2949632575550987,0.12716905418205637,-0.10162929785428149,-0.22520481881239712,16
1,391,K,-0.08777082829143504,0.0,-0.0514898183329003,-0.14857211108363685,-0.6143957980400453,7
1,392,F,-0.007698711165637237,0.15530755456975598,0.15487927347295113,-0.1288324495195604,-0.18610239923230493,4
1,393,H,-0.0745266805426895,0.0,-0.02467905965588301,-0.124374301429496,-0.149053361085379,2
1,394,Q,-0.10171967838912165,0.0,-0.010657582780443564,-0.37111740951414984,-0.8137574271129732,8
1,395,I,-0.010809927146291433,0.0,-0.010809927146291433,-0.010809927146291433,-0.010809927146291433,1
1,396,E,-0.011062407125386748,0.0,-0.011062407125386748,-0.011062407125386748,-0.011062407125386748,1
1,397,K,-0.10747494769000603,0.0,-0.10747494769000603,-0.10747494769000603,-0.10747494769000603,1
1,398,E,-0.022273611018909067,0.0,-0.003722722249500724,-0.032725214998071316,-0.0668208330567272,3
1,399,F,-0.06984258435522663,0.0,-0.02890136942585211,-0.15800761282857523,-0.4190555061313597,6
1,400,S,-0.006619877796804643,0.20732430751664827,0.14353952041092186,-0.057541681319359446,-0.31324235226552255,16
1,401,E,-0.01495421450752665,0.04852019720702566,0.028743528710023794,-0.06667606738606772,-0.25787920031239875,14
1,402,V,-0.03159365768142494,0.042947543449604206,0.02241884221773356,-0.13511737190304104,-0.45366509330812854,13
1,403,E,-0.16656362210851455,0.0,-0.015277301843395466,-0.3021874853886016,-0.6662544884340582,4
1,404,G,-0.11115376272350867,0.0,-0.013693332379976041,-0.24040513676224473,-0.5557688136175434,5
1,405,R,-0.052157926701995073,0.0,-0.015453590861571342,-0.08344083452283063,-0.15647378010598523,3
1,406,V,-0.0015569922731403715,0.16572074491206865,0.09212730107985467,-0.06587765690961117,-0.1781766830971916,8
1,407,Q,-0.03858686280700732,0.0,-0.0253624587256789,-0.04915903637565911,-0.1543474512280293,4
1,408,D,-0.025427671367720738,0.0,-0.0183246494634397,-0.032530693272001775,-0.050855342735441476,2
1,409,L,-0.0914518929625323,0.0,-0.01864784111811803,-0.19978162123050297,-0.3658075718501292,4
1,410,E,-0.10981140984467798,0.0,-0.014572699626853524,-0.3588547019345909,-0.6588684590680679,6
1,411,K,-0.05811437629179454,0.09019412427306031,0.09019412427306031,-0.16022057167681852,-0.6713378871910057,10
1,412,Y,-0.07842102646122782,0.0,-0.03043584629340328,-0.12640620662905236,-0.15684205292245565,2
1,413,V,-0.04760639073809436,0.0,-0.005217452331449046,-0.08115191516678873,-0.2380319536904718,5
1,414,E,-0.08656448839980774,0.0,-0.03333530403476809,-0.1397936727648474,-0.17312897679961547,2
1,415,D,-0.08061452905729417,0.0,-0.012486336133520175,-0.2814134597593486,-0.40307264528647085,5
1,416,T,-0.06126062403647405,0.0,-0.03504222863152075,-0.14865812080993251,-0.30630312018237027,5
1,417,K,-0.05112116536768914,0.0,-0.05112116536768914,-0.05112116536768914,-0.05112116536768914,1
1,418,I,-0.04545861808999716,0.005205879235902172,0.005205879235902172,-0.07505574956616148,-0.14158173350589365,3
1,419,D,-0.010181919646460367,0.0,-0.0004898422731149,-0.019873997019805835,-0.020363839292920734,2
1,420,L,-0.021492776457478185,0.015122053633353581,0.015122053633353581,-0.05824866335617625,-0.07960038300578814,3
1,421,W,-0.011103499763974867,0.0,-0.0071234076840475035,-0.01508359184390223,-0.022206999527949734,2
1,422,S,-0.012773878487119828,0.0,-0.012773878487119828,-0.012773878487119828,-0.012773878487119828,1
1,423,Y,-0.01322869770157969,0.009652020688643905,0.009652020688643905,-0.034102942906072437,-0.07579550919654235,5
1,424,N,-0.002295323867287752,0.0,-0.002295323867287752,-0.002295323867287752,-0.002295323867287752,1
1,425,A,-0.007529020950734135,0.0009109031377357558,0.0009109031377357558,-0.016043167108451134,-0.031026986940672296,4
1,426,E,-0.021004351817293508,0.0,-0.009441323654029263,-0.032567379980557754,-0.042008703634587016,2
1,427,L,-0.03325527225990414,0.015858597960284715,0.015858597960284715,-0.07513898660473285,-0.1821349592598054,5
1,428,L,-0.07631733612183313,0.0,-0.0012658259087553424,-0.19203161389716827,-0.45790401673099873,6
1,429,V,-0.018875134947112692,0.0009417466607226495,0.0009417466607226495,-0.038692016554948035,-0.038692016554948035,2
1,430,A,0.005264746275084277,0.2676267839748407,0.14418717084068697,-0.10306879034874775,-0.21497932122399788,10
1,431,L,-0.0360412865605347,0.04948582241156345,0.0258518272745643,-0.12035583423673135,-0.33781611489584107,8
1,432,E,-0.03553542258161441,0.0028024841297069007,0.0028024841297069007,-0.07387332929293573,-0.07387332929293573,2
1,434,Q,-0.014563754953681248,0.010915973471810876,0.010225496037891418,-0.05460723833285462,-0.05460723833285462,3
1,435,H,-0.03535479657377918,0.0,-0.0016113463347454118,-0.0596004209859603,-0.10606438972133753,3
1,436,T,-0.012501424767871753,0.0,-0.0004458358039334171,-0.024557013731810087,-0.025002849535743506,2
1,437,I,0.014365057185865327,0.05546864362147104,0.05546864362147104,-0.026738529249740385,-0.026738529249740385,2
1,438,D,0.015252561227571283,0.09498858196879778,0.0663996056155596,-0.018700527544683397,-0.01872577583094136,5
1,439,L,-0.00032185506511269487,0.06385567256220603,0.039374940093429726,-0.028540472125889702,-0.0661086580179949,7
1,440,T,0.03681580518044224,0.1682070892047279,0.10574439889587403,-0.020943868482958962,-0.020943868482958962,4
1,441,D,0.011002209430005093,0.04945322861314027,0.03452631642133007,-0.0038979258190561077,-0.005444390893119901,4
1,442,S,-0.0022114346468730837,0.18240443361110725,0.07413903213796402,-0.047245877194600605,-0.2177873879610766,16
1,443,E,0.014410084594311546,0.22200332800937242,0.11535543907681749,-0.042211416277042016,-0.0923125666605685,9
1,444,M,-0.02226544616225067,0.0,-0.007704157461724335,-0.04700694434085099,-0.06679633848675201,3
1,445,N,-0.009901825256468415,0.05448912161200601,0.030104389997720887,-0.06096105175304902,-0.20301650045903225,15
1,446,K,0.02545465984089837,0.23459915439608253,0.12677787559658302,-0.020883500579999673,-0.03096187566889557,8
1,447,L,0.007544449668190491,0.007544449668190491,0.007544449668190491,0.007544449668190491,0.0,1
1,448,F,-0.040568209380516036,0.0,-0.0015304829263043265,-0.09286542780803164,-0.12170462814154812,3
1,449,E,0.004620383869235323,0.2255630242263179,0.0714623488872861,-0.06897479441853249,-0.17473880166472935,11
1,450,K,-0.021668776747491812,0.05745380411469962,0.0321770060174526,-0.07626421528920693,-0.38248545532707684,15
1,451,T,0.02332634406184763,0.02332634406184763,0.02332634406184763,0.02332634406184763,0.0,1
1,452,K,0.0031522614456730917,0.06881810004772115,0.0525140327158516,-0.05620905426502879,-0.05620905426502879,4
1,453,K,-0.013721046353795794,0.1563300091615787,0.04814526201132468,-0.10942729967188694,-0.3895877971761072,17
1,454,Q,-0.01817709563595441,0.06305042396564878,0.052201567503028304,-0.07130812389980379,-0.24482138032519288,10
1,455,L,-0.014991361314695995,0.0,-0.014991361314695995,-0.014991361314695995,-0.014991361314695995,1
1,456,R,-0.028183970126882552,0.0009136866340211835,0.0009136866340211835,-0.06573308486541928,-0.1700175073953165,6
1,457,E,-0.0040616848830870396,0.0,-0.00020937408247299026,-0.007458642616733657,-0.01218505464926112,3
1,459,A,-0.002100900978698263,0.02474251056620846,0.02474251056620846,-0.019069777294407286,-0.03104521350230325,3
1,460,E,-0.03196044558576805,0.0008361600819618895,0.0008361600819618895,-0.07194505410012289,-0.16063838801080216,5
1,461,D,-0.0027580344175119524,0.01559179421095621,0.007504750023513437,-0.01675923196380458,-0.02938196629851597,5
1,462,M,-0.02040262520297732,0.0,-0.004069369087899228,-0.04036749304781,-0.1020131260148866,5
1,463,G,-0.024074275867452588,0.0,-0.005709688923718453,-0.05941762290012489,-0.09629710346981035,4
1,464,N,-0.030859855757802993,0.0,-0.027648764130051625,-0.03407094738555436,-0.061719711515605985,2
1,465,G,-0.0025731569726320466,0.0,-0.0025731569726320466,-0.0025731569726320466,-0.0025731569726320466,1
1,466,C,-0.041441958728002895,0.0,-0.0338108251861224,-0.049073092269883385,-0.08288391745600579,2
1,467,F,-0.025080099666350573,0.0,-0.025080099666350573,-0.025080099666350573,-0.025080099666350573,1
1,468,K,-0.012575516228054105,0.06898138290929795,0.03228093038965658,-0.06738639767626467,-0.1821610289617849,9
1,469,I,0.00018191741026979803,0.024146774601072753,0.015739754591902376,-0.01993348013163959,-0.02341910495999356,4
1,470,Y,-0.013594209678489328,0.03306138126641076,0.03306138126641076,-0.04622818927658196,-0.11462663933734672,6
1,471,H,-0.01387472879000074,0.003131858383288692,0.003131858383288692,-0.037822297951342954,-0.058630773543291645,4
1,472,K,-0.009397972513432825,0.1266682410085197,0.029303930197025468,-0.07147032300908554,-0.26763782871001207,15
1,473,C,-0.006461136154342554,0.0,-0.006461136154342554,-0.006461136154342554,-0.006461136154342554,1
1,474,D,-0.007553314975044333,0.0008382082119568614,0.0008382082119568614,-0.011912436560705491,-0.02349815313708986,3
1,475,N,0.00890871995818113,0.00890871995818113,0.00890871995818113,0.00890871995818113,0.0,1
1,476,A,-0.015123545551884983,0.08779602924711308,0.053253864031424465,-0.06742094398695297,-0.34489630362915774,17
1,477,C,0.0036866792943277154,0.0036866792943277154,0.0036866792943277154,0.0036866792943277154,0.0,1
1,478,I,-0.008587585553505533,0.0,-0.0050278863706702676,-0.012147284736340799,-0.017175171107011066,2
1,479,G,0.018658753152591922,0.5223549688452803,0.22848858011522652,-0.05220176231244487,-0.1864974120986258,18
1,480,S,-0.015541210772572072,0.015922951899049576,0.015922951899049576,-0.0446257330039507,-0.14025263807962615,8
1,481,I,0.006282161374159305,0.023711050536280844,0.012013255612706875,-0.00486456641380293,-0.00486456641380293,3
1,482,R,0.001359513205053512,0.11840275854475585,0.10046803170913424,-0.0735011824408522,-0.10752665290432775,8
1,483,N,-0.021955595554192322,0.0,-0.021955595554192322,-0.021955595554192322,-0.021955595554192322,1
1,484,E,0.0001550143915606494,0.03415050789144356,0.016293633184194477,-0.01519300559544942,-0.03306540715051902,7
1,485,T,0.00796366827176891,0.023452556211877394,0.023452556211877394,-0.007525219668339576,-0.007525219668339576,2
1,486,Y,-0.0015724736608188202,0.012385986817503419,0.012385986817503419,-0.01553093413914106,-0.01553093413914106,2
1,487,D,-0.009474559799454845,0.013266801095598985,0.005755780084113694,-0.024441100297624405,-0.13643607848851197,13
1,488,H,-0.012615586065483148,0.0013408138285404565,0.0013408138285404565,-0.027592994927974818,-0.11488108841788879,9
1,489,N,-0.0016038933400294455,0.17035205029614187,0.06031650387052073,-0.04288242857353209,-0.19761823707664244,17
1,490,V,0.002157147137561252,0.13553100107581592,0.04119488773656487,-0.04566050245671678,-0.1010166468748359,16
1,491,Y,-0.011498608212848512,0.013610564682419746,0.013610564682419746,-0.04584651593066693,-0.04810638932096528,3
1,492,R,-0.012728835435554604,0.010763820674624237,0.010763820674624237,-0.03072793405603945,-0.06167916241684265,4
1,493,D,-0.017393961809413723,0.11143881166776694,0.06973609765724549,-0.06529426936531056,-0.4071361624278002,17
1,494,E,-0.016452649185444885,0.0,-0.004987082378064888,-0.030875471782263016,-0.04935794755633465,3
1,495,A,-0.0012656522679782255,0.01003919345279857,0.01003919345279857,-0.010928518577855527,-0.013836150256733246,3
1,496,L,0.0021344125742561886,0.06358135973246061,0.04843814662636526,-0.04956882811067845,-0.052909296861179664,5
1,497,N,-0.013592766499596644,0.2665597256656276,0.19343227591338646,-0.076737424816731,-0.5112295226583672,18
1,498,N,-0.0002623896145963435,0.02742068221291225,0.023607609768742703,-0.013175410038316564,-0.029257409515086655,7
1,499,R,-0.009187359724551068,0.005653679382842016,0.005653679382842016,-0.02022734180589407,-0.03321575855649522,3
1,500,F,-0.03882301043373769,0.0,-0.0059970643631110645,-0.08563077918310236,-0.19411505216868846,5
1,501,Q,-0.013042763429565347,0.13159215880613917,0.03963085421578766,-0.062224153152363286,-0.35331913710875007,17
1,502,I,0.0006617963548672286,0.032648452145938096,0.032648452145938096,-0.03132485943620364,-0.03132485943620364,2
1,503,K,-0.019574345796850315,0.10500112848430927,0.03355506831243456,-0.0933985128470211,-0.47691369862446525,19
1,504,G,-0.010640667598815545,0.10989992054319021,0.03480751548747331,-0.047657690097636485,-0.30143193732187,18
1,505,V,-0.015409377230565248,0.0,-0.011316968572312614,-0.01950178588881788,-0.030818754461130495,2
1,506,E,-0.009433939146096358,0.0,-0.00722373440678894,-0.012942950374118583,-0.02830181743828907,3
1,507,L,0.018085281479870274,0.05824640163512348,0.0495173905340916,-0.003990557195512657,-0.003990557195512657,3
1,508,K,-0.0019706924397850743,0.0,-0.0019706924397850743,-0.0019706924397850743,-0.0019706924397850743,1
1,509,S,-0.0028781313354007522,0.0,-0.0028781313354007522,-0.0028781313354007522,-0.0028781313354007522,1
1,510,G,-0.012400132016379553,0.0,-0.0027917622901870573,-0.031213695786465052,-0.03720039604913866,3
1,512,K,-0.003977338384011236,0.0,-0.0004940623026702052,-0.006134325411844913,-0.01193201515203371,3
1,513,D,-0.007850734445592788,0.0,-0.005587513308387451,-0.010113955582798127,-0.015701468891185576,2
1,514,W,0.03617187125346339,0.07234374250692678,0.0690232577490364,0.0033204847578903805,0.0,2
1,516,L,-0.02378106075627566,0.0,-0.010772465280610726,-0.03466996388535045,-0.07134318226882698,3
1,517,W,0.0065958660058074384,0.01797834383527924,0.01797834383527924,-0.004786611823664363,-0.004786611823664363,2
1,518,I,-0.0025160114867503244,0.0,-0.0025160114867503244,-0.0025160114867503244,-0.0025160114867503244,1
1,519,S,-0.016622479474879534,0.005982282139640968,0.005982282139640968,-0.03746359381730727,-0.05584972056427957,3
1,520,F,-0.0013635474460016866,0.01757354605884116,0.014421425519031313,-0.013337406267723447,-0.02302773584284791,4
1,521,A,-0.006910524734348389,0.004715290290489102,0.004715290290489102,-0.02123275719375412,-0.039267913962231046,5
1,522,I,-0.0018235998293965727,0.0,-0.0018235998293965727,-0.0018235998293965727,-0.0018235998293965727,1
1,523,S,-0.005387741472289734,0.0,-0.0024368398815639934,-0.008338643063015475,-0.010775482944579468,2
1,524,C,0.0027426954886539574,0.024963246598491643,0.02295130837337698,-0.01673516013252977,-0.01673516013252977,3
1,525,F,0.022733337518879022,0.045466675037758045,0.04322877886923083,0.002237896168527218,0.0,2
1,526,L,-0.01375107374796671,0.015178054398425761,0.015178054398425761,-0.03931821757387096,-0.05643127564232589,3
1,527,L,0.002007982471293821,0.011233055465441354,0.011233055465441354,-0.007217090522853712,-0.007217090522853712,2
1,528,C,0.0005473924778961618,0.0018470398043736935,0.0018470398043736935,-0.0007522548485813698,-0.0007522548485813698,2
1,529,V,-0.019941056640684095,0.0,-0.011388789949440356,-0.028493323331927837,-0.03988211328136819,2
1,530,A,0.00535355092148912,0.036313485486386535,0.02272441145207388,-0.014899281800430058,-0.014899281800430058,4
1,531,L,-0.018548753574944024,0.0,-0.018548753574944024,-0.018548753574944024,-0.018548753574944024,1
1,532,L,0.013778981769805623,0.027557963539611246,0.016646285418252645,0.010911678121358601,0.0,2
1,533,G,-0.0013445505466741473,0.0,-0.0005600109300214365,-0.0021290901633268583,-0.0026891010933482945,2
1,536,M,-0.0022604390286294785,0.008767332445296238,0.008767332445296238,-0.01420159410458915,-0.015548649531184674,3
1,537,W,-0.030257464823549088,0.0,-0.010112278341448231,-0.04365735858703907,-0.09077239447064726,3
1,538,A,-0.015536893061615663,0.014691033907459624,0.014691033907459624,-0.05665879932322961,-0.09237549921553795,5
1,539,C,0.004897397551923265,0.014692192655769796,0.009112557312803988,0.0019056741912706282,0.0,3
1,540,Q,-0.014564480674255913,0.0020794815166479304,0.0020794815166479304,-0.03513159356178449,-0.04577292353941567,3
1,541,K,-0.0027983087481143953,0.0,-0.0027912370604981857,-0.002805380435730605,-0.005596617496228791,2
