sequential_site,reference_site,sequential_wt
1,552,M
2,553,K
3,554,A
4,555,K
5,556,L
6,557,L
7,558,V
8,559,L
9,560,L
10,561,Y
11,562,A
12,563,F
13,564,V
14,565,A
15,566,T
16,567,D
17,568,D
18,0,D
19,569,T
20,1,Q
21,2,K
22,3,I
23,4,P
24,5,G
25,6,N
26,7,D
27,8,N
28,9,S
29,10,T
30,11,A
31,12,T
32,13,L
33,14,C
34,15,L
35,16,G
36,17,H
37,18,H
38,19,A
39,20,V
40,21,P
41,22,N
42,23,G
43,24,T
44,25,I
45,26,V
46,27,K
47,28,T
48,29,I
49,30,T
50,31,N
51,32,D
52,33,R
53,34,I
54,35,E
55,36,V
56,37,T
57,38,N
58,39,A
59,40,T
60,41,E
61,42,L
62,43,V
63,44,Q
64,45,N
65,46,S
66,47,S
67,48,I
68,49,G
69,50,E
70,51,I
71,52,C
72,53,D
73,54,S
74,55,P
75,56,H
76,57,Q
77,58,I
78,59,L
79,60,D
80,61,G
81,62,G
82,63,N
83,64,C
84,65,T
85,66,L
86,67,I
87,68,D
88,69,A
89,70,L
90,71,L
91,72,G
92,73,D
93,74,P
94,75,Q
95,76,C
96,77,D
97,78,G
98,79,F
99,80,Q
100,81,N
101,82,K
102,83,K
103,84,W
104,85,D
105,86,L
106,87,F
107,88,V
108,89,E
109,90,R
110,91,S
111,92,R
112,93,A
113,94,Y
114,95,S
115,96,N
116,97,C
117,98,Y
118,99,P
119,100,Y
120,101,D
121,102,V
122,103,P
123,104,D
124,105,Y
125,106,A
126,107,S
127,108,L
128,109,R
129,110,S
130,111,L
131,112,V
132,113,A
133,114,S
134,115,S
135,116,G
136,117,T
137,118,L
138,119,E
139,120,F
140,121,K
141,122,N
142,123,E
143,124,S
144,125,F
145,126,N
146,127,W
147,128,A
148,129,G
149,130,V
150,131,T
151,132,Q
152,133,N
153,134,G
154,135,K
155,136,S
156,137,F
157,138,S
158,139,C
159,140,I
160,141,R
161,142,G
162,143,S
163,144,S
164,145,S
165,146,S
166,147,F
167,148,F
168,149,S
169,150,R
170,151,L
171,152,N
172,153,W
173,154,L
174,155,T
175,156,H
176,157,L
177,158,N
178,159,Y
179,160,T
180,161,Y
181,162,P
182,163,A
183,164,L
184,165,N
185,166,V
186,167,T
187,168,M
188,169,P
189,170,N
190,171,K
191,172,E
192,173,Q
193,174,F
194,175,D
195,176,K
196,177,L
197,178,Y
198,179,I
199,180,W
200,181,G
201,182,V
202,183,H
203,184,H
204,185,P
205,186,G
206,187,T
207,188,D
208,189,K
209,190,D
210,191,Q
211,192,I
212,193,S
213,194,L
214,195,Y
215,196,A
216,197,Q
217,198,S
218,199,S
219,200,G
220,201,R
221,202,I
222,203,T
223,204,V
224,205,S
225,206,T
226,207,K
227,208,R
228,209,S
229,210,Q
230,211,Q
231,212,A
232,213,V
233,214,I
234,215,P
235,216,N
236,217,I
237,218,G
238,219,S
239,220,R
240,221,P
241,222,R
242,223,I
243,224,R
244,225,D
245,226,I
246,227,P
247,228,S
248,229,R
249,230,I
250,231,S
251,232,I
252,233,Y
253,234,W
254,235,T
255,236,I
256,237,V
257,238,K
258,239,P
259,240,G
260,241,D
261,242,I
262,243,L
263,244,L
264,245,I
265,246,N
266,247,S
267,248,T
268,249,G
269,250,N
270,251,L
271,252,I
272,253,A
273,254,P
274,255,R
275,256,G
276,257,Y
277,258,F
278,259,K
279,260,I
280,261,R
281,262,S
282,263,G
283,264,K
284,265,S
285,266,S
286,267,I
287,268,M
288,269,R
289,270,S
290,271,D
291,272,A
292,273,P
293,274,I
294,275,G
295,276,K
296,277,C
297,278,K
298,279,S
299,280,E
300,281,C
301,282,I
302,283,T
303,284,P
304,285,N
305,286,G
306,287,S
307,288,I
308,289,P
309,290,N
310,291,D
311,292,K
312,293,P
313,294,F
314,295,Q
315,296,N
316,297,V
317,298,N
318,299,R
319,300,I
320,301,T
321,302,Y
322,303,G
323,304,A
324,305,C
325,306,P
326,307,R
327,308,Y
328,309,V
329,310,K
330,311,Q
331,312,N
332,313,T
333,314,L
334,315,K
335,316,L
336,317,A
337,318,T
338,319,G
339,320,M
340,321,R
341,322,N
342,323,V
343,324,P
344,325,E
345,326,K
346,327,Q
347,328,T
348,329,R
349,330,G
350,331,I
351,332,F
352,333,G
353,334,A
354,335,I
355,336,A
356,337,G
357,338,F
358,339,I
359,340,E
360,341,N
361,342,G
362,343,W
363,344,E
364,345,G
365,346,M
366,347,V
367,348,D
368,349,G
369,350,W
370,351,Y
371,352,G
372,353,F
373,354,R
374,355,H
375,356,Q
376,357,N
377,358,S
378,359,E
379,360,G
380,361,R
381,362,G
382,363,Q
383,364,A
384,365,A
385,366,D
386,367,L
387,368,K
388,369,S
389,370,T
390,371,Q
391,372,A
392,373,A
393,374,I
394,375,D
395,376,Q
396,377,I
397,378,N
398,379,G
399,380,K
400,381,L
401,382,N
402,383,R
403,384,L
404,385,I
405,386,G
406,387,K
407,388,T
408,389,N
409,390,E
410,391,K
411,392,F
412,393,H
413,394,Q
414,395,I
415,396,E
416,397,K
417,398,E
418,399,F
419,400,S
420,401,E
421,402,V
422,403,E
423,404,G
424,405,R
425,406,V
426,407,Q
427,408,D
428,409,L
429,410,E
430,411,K
431,412,Y
432,413,V
433,414,E
434,415,D
435,416,T
436,417,K
437,418,I
438,419,D
439,420,L
440,421,W
441,422,S
442,423,Y
443,424,N
444,425,A
445,426,E
446,427,L
447,428,L
448,429,V
449,430,A
450,431,L
451,432,E
452,433,N
453,434,Q
454,435,H
455,436,T
456,437,I
457,438,D
458,439,L
459,440,T
460,441,D
461,442,S
462,443,E
463,444,M
464,445,N
465,446,K
466,447,L
467,448,F
468,449,E
469,450,K
470,451,T
471,452,K
472,453,K
473,454,Q
474,455,L
475,456,R
476,457,E
477,458,N
478,459,A
479,460,E
480,461,D
481,462,M
482,463,G
483,464,N
484,465,G
485,466,C
486,467,F
487,468,K
488,469,I
489,470,Y
490,471,H
491,472,K
492,473,C
493,474,D
494,475,N
495,476,A
496,477,C
497,478,I
498,479,G
499,480,S
500,481,I
501,482,R
502,483,N
503,484,E
504,485,T
505,486,Y
506,487,D
507,488,H
508,489,N
509,490,V
510,491,Y
511,492,R
512,493,D
513,494,E
514,495,A
515,496,L
516,497,N
517,498,N
518,499,R
519,500,F
520,501,Q
521,502,I
522,503,K
523,504,G
524,505,V
525,506,E
526,507,L
527,508,K
528,509,S
529,510,G
530,511,Y
531,512,K
532,513,D
533,514,W
534,515,I
535,516,L
536,517,W
537,518,I
538,519,S
539,520,F
540,521,A
541,522,I
542,523,S
543,524,C
544,525,F
545,526,L
546,527,L
547,528,C
548,529,V
549,530,A
550,531,L
551,532,L
552,533,G
553,534,F
554,535,I
555,536,M
556,537,W
557,538,A
558,539,C
559,540,Q
560,541,K
561,542,G
562,543,N
563,544,I
564,545,R
565,546,C
566,547,N
567,548,I
568,549,C
569,550,I
570,551,*
