,site,mutant
0,1,A
1,1,D
2,1,E
3,1,F
4,1,G
5,1,H
6,1,K
7,1,L
8,1,M
9,1,N
10,1,P
11,1,Q
12,1,R
13,1,S
14,1,T
15,1,V
16,1,W
17,1,Y
18,2,A
19,2,C
20,2,D
21,2,E
22,2,F
23,2,G
24,2,H
25,2,I
26,2,K
27,2,L
28,2,M
29,2,N
30,2,Q
31,2,R
32,2,S
33,2,T
34,2,V
35,2,W
36,2,Y
37,3,A
38,3,D
39,3,E
40,3,F
41,3,H
42,3,I
43,3,L
44,3,M
45,3,N
46,3,P
47,3,Q
48,3,R
49,3,S
50,3,T
51,3,V
52,3,W
53,3,Y
54,4,A
55,4,D
56,4,E
57,4,F
58,4,G
59,4,H
60,4,I
61,4,K
62,4,L
63,4,M
64,4,P
65,4,Q
66,4,R
67,4,S
68,4,T
69,4,V
70,4,W
71,4,Y
72,5,C
73,5,E
74,5,F
75,5,G
76,5,H
77,5,I
78,5,K
79,5,L
80,5,M
81,5,N
82,5,P
83,5,Q
84,5,S
85,5,T
86,5,V
87,5,Y
88,6,A
89,6,C
90,6,D
91,6,E
92,6,F
93,6,G
94,6,H
95,6,I
96,6,K
97,6,L
98,6,M
99,6,P
100,6,Q
101,6,R
102,6,S
103,6,T
104,6,V
105,6,W
106,6,Y
107,7,A
108,7,D
109,7,E
110,7,F
111,7,G
112,7,H
113,7,I
114,7,K
115,7,L
116,7,M
117,7,N
118,7,P
119,7,Q
120,7,R
121,7,T
122,7,V
123,7,W
124,7,Y
125,8,A
126,8,C
127,8,D
128,8,E
129,8,F
130,8,G
131,8,H
132,8,I
133,8,K
134,8,L
135,8,M
136,8,Q
137,8,R
138,8,V
139,8,W
140,8,Y
141,9,P
142,9,T
143,9,V
144,10,A
145,10,C
146,10,E
147,10,F
148,10,H
149,10,I
150,10,K
151,10,L
152,10,M
153,10,Q
154,10,V
155,10,W
156,10,Y
157,11,I
158,13,I
159,13,V
160,14,F
161,15,R
162,16,I
163,16,Q
164,16,Y
165,17,N
166,17,S
167,17,T
168,18,F
169,19,A
170,19,C
171,19,F
172,19,G
173,19,H
174,19,I
175,19,K
176,19,L
177,19,M
178,19,N
179,19,Q
180,19,R
181,19,S
182,19,T
183,19,V
184,19,W
185,20,A
186,20,D
187,20,E
188,20,H
189,20,K
190,20,L
191,20,Q
192,20,R
193,20,S
194,20,T
195,20,W
196,20,Y
197,22,A
198,22,E
199,22,F
200,22,H
201,22,I
202,22,K
203,22,M
204,22,Q
205,22,V
206,22,Y
207,23,F
208,23,H
209,23,K
210,23,L
211,23,M
212,23,Q
213,23,R
214,23,S
215,23,V
216,23,W
217,23,Y
218,24,I
219,25,A
220,25,H
221,25,M
222,25,N
223,25,Q
224,25,R
225,25,S
226,25,T
227,26,S
228,27,M
229,27,P
230,27,V
231,27,W
232,28,A
233,28,E
234,28,G
235,28,H
236,28,I
237,28,K
238,28,L
239,28,M
240,28,N
241,28,Q
242,28,R
243,28,S
244,28,V
245,28,Y
246,29,A
247,29,C
248,29,D
249,29,E
250,29,F
251,29,G
252,29,H
253,29,I
254,29,K
255,29,L
256,29,M
257,29,Q
258,29,R
259,29,S
260,29,T
261,29,V
262,29,W
263,29,Y
264,30,A
265,30,E
266,30,G
267,30,H
268,30,I
269,30,L
270,30,M
271,30,N
272,30,P
273,30,Q
274,30,S
275,30,T
276,30,W
277,30,Y
278,31,A
279,31,D
280,31,E
281,31,F
282,31,G
283,31,H
284,31,I
285,31,K
286,31,L
287,31,M
288,31,N
289,31,Q
290,31,V
291,31,W
292,31,Y
293,32,E
294,32,L
295,32,M
296,32,N
297,32,Q
298,32,T
299,32,V
300,33,A
301,33,D
302,33,Q
303,33,S
304,34,C
305,35,A
306,35,C
307,35,I
308,35,M
309,35,N
310,35,V
311,35,Y
312,36,A
313,36,C
314,36,D
315,36,E
316,36,F
317,36,G
318,36,K
319,36,M
320,36,Q
321,36,R
322,36,S
323,36,T
324,36,Y
325,37,D
326,37,L
327,37,N
328,37,S
329,37,T
330,38,A
331,38,E
332,38,F
333,38,I
334,38,L
335,38,M
336,38,Q
337,38,V
338,38,Y
339,39,K
340,42,A
341,42,D
342,42,E
343,42,F
344,42,G
345,42,H
346,42,I
347,42,K
348,42,L
349,42,M
350,42,T
351,42,V
352,42,W
353,42,Y
354,43,A
355,43,C
356,43,D
357,43,G
358,43,H
359,43,I
360,43,K
361,43,L
362,43,R
363,43,S
364,43,T
365,43,V
366,44,A
367,44,D
368,44,E
369,44,F
370,44,G
371,44,H
372,44,I
373,44,K
374,44,L
375,44,M
376,44,N
377,44,Q
378,44,R
379,44,T
380,44,V
381,44,W
382,44,Y
383,45,A
384,45,D
385,45,F
386,45,G
387,45,I
388,45,L
389,45,M
390,45,N
391,45,T
392,45,V
393,45,Y
394,46,A
395,46,D
396,46,E
397,46,F
398,46,G
399,46,H
400,46,K
401,46,L
402,46,N
403,46,P
404,46,Q
405,46,R
406,46,S
407,46,T
408,46,V
409,46,W
410,46,Y
411,47,A
412,47,P
413,47,R
414,47,Y
415,48,A
416,48,C
417,48,F
418,48,G
419,48,H
420,48,I
421,48,K
422,48,L
423,48,M
424,48,N
425,48,P
426,48,Q
427,48,R
428,48,S
429,48,T
430,48,V
431,48,W
432,48,Y
433,49,L
434,51,A
435,51,E
436,51,G
437,51,N
438,51,Q
439,51,S
440,52,A
441,52,E
442,52,G
443,52,H
444,52,K
445,52,M
446,52,N
447,52,Q
448,52,R
449,52,T
450,52,Y
451,54,F
452,54,I
453,54,L
454,54,W
455,54,Y
456,55,A
457,55,D
458,55,E
459,55,F
460,55,H
461,55,I
462,55,K
463,55,L
464,55,M
465,55,N
466,55,R
467,55,S
468,55,T
469,55,V
470,56,V
471,57,I
472,57,V
473,59,V
474,60,A
475,60,D
476,60,G
477,60,H
478,60,I
479,60,K
480,60,L
481,60,M
482,60,N
483,60,Q
484,60,R
485,60,V
486,60,W
487,61,D
488,62,D
489,65,K
490,65,M
491,67,I
492,68,I
493,71,A
494,73,A
495,73,E
496,73,G
497,73,H
498,73,L
499,73,M
500,73,N
501,73,S
502,75,E
503,76,D
504,76,E
505,76,S
506,76,V
507,77,I
508,77,L
509,78,A
510,78,E
511,78,K
512,78,M
513,79,D
514,79,G
515,80,A
516,80,E
517,80,Q
518,80,R
519,80,S
520,80,T
521,80,V
522,81,A
523,81,C
524,81,D
525,81,E
526,81,H
527,81,N
528,81,Q
529,81,R
530,81,S
531,81,T
532,82,F
533,84,I
534,84,V
535,85,Y
536,86,I
537,86,L
538,89,E
539,89,P
540,89,S
541,89,T
542,90,A
543,90,D
544,90,E
545,90,F
546,90,G
547,90,H
548,90,I
549,90,L
550,90,M
551,90,N
552,90,Q
553,90,R
554,90,S
555,90,T
556,90,V
557,90,W
558,90,Y
559,91,S
560,91,T
561,91,V
562,92,A
563,92,D
564,92,E
565,92,F
566,92,G
567,92,H
568,92,I
569,92,K
570,92,M
571,92,N
572,92,Q
573,92,R
574,92,S
575,92,T
576,92,V
577,92,W
578,94,A
579,94,D
580,94,G
581,94,Q
582,94,S
583,94,T
584,94,Y
585,99,E
586,99,V
587,100,I
588,101,A
589,101,D
590,101,E
591,101,F
592,101,H
593,101,I
594,101,K
595,101,M
596,101,N
597,101,Q
598,101,R
599,101,S
600,101,T
601,101,V
602,101,W
603,101,Y
604,102,H
605,102,Q
606,103,L
607,104,D
608,104,E
609,104,H
610,104,I
611,104,L
612,104,M
613,104,N
614,104,Q
615,104,S
616,104,T
617,104,V
618,104,W
619,105,D
620,105,G
621,105,N
622,105,T
623,105,W
624,108,A
625,110,I
626,112,A
627,112,D
628,112,E
629,112,F
630,112,G
631,112,H
632,112,K
633,112,L
634,112,M
635,112,N
636,112,Q
637,112,R
638,112,T
639,112,V
640,112,W
641,113,A
642,113,I
643,113,L
644,113,M
645,115,S
646,119,A
647,119,D
648,119,E
649,119,F
650,119,H
651,119,I
652,119,K
653,119,L
654,119,M
655,119,Q
656,119,S
657,119,T
658,119,V
659,119,W
660,119,Y
661,120,A
662,120,D
663,120,E
664,120,F
665,120,H
666,120,I
667,120,L
668,120,M
669,120,P
670,120,Q
671,120,S
672,120,T
673,120,V
674,120,Y
675,122,A
676,122,D
677,122,E
678,122,F
679,122,G
680,122,H
681,122,I
682,122,K
683,122,L
684,122,M
685,122,N
686,122,P
687,122,Q
688,122,R
689,122,V
690,122,W
691,122,Y
692,124,D
693,126,E
694,126,T
695,129,A
696,129,I
697,129,K
698,129,L
699,129,N
700,129,Q
701,129,S
702,129,V
703,130,C
704,130,E
705,130,V
706,131,D
707,131,S
708,132,H
709,133,A
710,133,E
711,133,G
712,133,H
713,133,K
714,133,M
715,133,N
716,133,Q
717,133,S
718,133,V
719,134,T
720,135,A
721,135,F
722,135,G
723,135,Y
724,136,A
725,136,D
726,136,F
727,136,H
728,136,L
729,136,M
730,136,N
731,136,Q
732,136,T
733,136,W
734,136,Y
735,138,K
736,138,M
737,138,N
738,138,P
739,138,Q
740,139,D
741,139,S
742,140,A
743,140,D
744,140,E
745,140,F
746,140,H
747,140,I
748,140,K
749,140,M
750,140,N
751,140,Q
752,140,R
753,140,S
754,140,T
755,140,W
756,141,A
757,141,D
758,141,E
759,141,G
760,141,H
761,141,K
762,141,M
763,141,N
764,141,Q
765,141,T
766,141,W
767,142,A
768,142,D
769,142,E
770,142,G
771,142,H
772,142,I
773,142,N
774,142,Q
775,142,R
776,142,S
777,142,T
778,142,V
779,143,A
780,143,E
781,143,G
782,143,H
783,143,K
784,143,N
785,143,P
786,143,Q
787,143,T
788,143,W
789,148,K
790,153,H
791,153,S
792,154,A
793,154,E
794,154,G
795,154,K
796,154,M
797,154,N
798,154,P
799,154,Q
800,154,S
801,155,A
802,155,D
803,155,E
804,155,F
805,155,G
806,155,H
807,155,K
808,155,M
809,155,N
810,155,Q
811,155,S
812,155,T
813,155,Y
814,156,D
815,156,E
816,156,G
817,156,K
818,157,A
819,157,D
820,157,E
821,157,F
822,157,G
823,157,H
824,157,K
825,157,L
826,157,M
827,157,N
828,157,P
829,157,Q
830,157,R
831,157,T
832,157,V
833,157,W
834,157,Y
835,158,A
836,158,D
837,158,E
838,158,G
839,158,H
840,158,M
841,158,N
842,158,Q
843,158,R
844,158,S
845,158,T
846,158,V
847,159,F
848,159,H
849,159,M
850,159,W
851,160,D
852,161,D
853,161,E
854,161,F
855,161,H
856,161,I
857,161,L
858,161,M
859,161,N
860,161,P
861,161,Q
862,161,S
863,161,T
864,161,V
865,161,W
866,161,Y
867,162,F
868,162,H
869,162,I
870,162,Q
871,163,E
872,164,A
873,165,S
874,166,Q
875,169,H
876,169,K
877,169,Q
878,169,T
879,169,Y
880,170,D
881,170,G
882,170,Q
883,170,V
884,171,A
885,171,C
886,171,D
887,171,E
888,171,F
889,171,G
890,171,H
891,171,I
892,171,K
893,171,L
894,171,M
895,171,N
896,171,P
897,171,S
898,171,T
899,171,V
900,171,W
901,171,Y
902,172,H
903,172,Y
904,173,T
905,177,V
906,181,E
907,181,F
908,181,L
909,181,M
910,181,V
911,181,W
912,182,E
913,182,N
914,184,A
915,184,C
916,184,D
917,184,E
918,184,H
919,184,I
920,184,K
921,184,M
922,184,N
923,184,P
924,184,S
925,184,V
926,185,A
927,185,D
928,185,E
929,185,F
930,185,N
931,185,S
932,186,A
933,186,E
934,186,F
935,186,H
936,186,I
937,186,L
938,186,M
939,186,N
940,186,Q
941,186,S
942,186,T
943,186,V
944,186,W
945,186,Y
946,187,A
947,187,D
948,187,E
949,187,F
950,187,G
951,187,H
952,187,I
953,187,L
954,187,M
955,187,N
956,187,Q
957,187,R
958,187,S
959,187,T
960,187,V
961,187,Y
962,188,E
963,188,N
964,189,S
965,190,A
966,190,D
967,190,E
968,190,F
969,190,G
970,190,H
971,190,K
972,190,L
973,190,M
974,190,N
975,190,Q
976,190,R
977,190,S
978,190,T
979,190,V
980,190,W
981,190,Y
982,191,A
983,191,D
984,191,E
985,191,F
986,191,G
987,191,H
988,191,K
989,191,L
990,191,M
991,191,N
992,191,Q
993,191,R
994,191,T
995,193,E
996,193,F
997,193,G
998,193,H
999,193,I
1000,193,K
1001,193,M
1002,193,N
1003,193,Q
1004,193,R
1005,193,S
1006,193,T
1007,194,D
1008,194,E
1009,194,G
1010,194,N
1011,194,P
1012,194,Q
1013,194,S
1014,194,V
1015,194,W
1016,195,A
1017,195,C
1018,195,D
1019,195,E
1020,195,F
1021,195,G
1022,195,H
1023,195,I
1024,195,K
1025,195,L
1026,195,M
1027,195,N
1028,195,P
1029,195,R
1030,195,S
1031,195,T
1032,195,V
1033,195,W
1034,195,Y
1035,196,A
1036,196,C
1037,196,D
1038,196,E
1039,196,F
1040,196,G
1041,196,H
1042,196,I
1043,196,K
1044,196,L
1045,196,M
1046,196,N
1047,196,P
1048,196,Q
1049,196,R
1050,196,W
1051,196,Y
1052,197,A
1053,197,D
1054,197,E
1055,197,G
1056,197,H
1057,197,I
1058,197,K
1059,197,L
1060,197,M
1061,197,N
1062,197,P
1063,197,Q
1064,197,T
1065,197,V
1066,197,W
1067,197,Y
1068,198,A
1069,198,M
1070,198,N
1071,198,P
1072,198,S
1073,198,T
1074,199,A
1075,199,D
1076,199,E
1077,199,F
1078,199,G
1079,199,H
1080,199,I
1081,199,K
1082,199,L
1083,199,M
1084,199,N
1085,199,P
1086,199,Q
1087,199,S
1088,199,T
1089,199,V
1090,199,W
1091,200,T
1092,200,V
1093,201,A
1094,201,E
1095,201,H
1096,201,I
1097,201,M
1098,201,Q
1099,201,S
1100,201,V
1101,205,A
1102,205,G
1103,205,M
1104,205,Q
1105,205,R
1106,205,S
1107,205,T
1108,206,A
1109,206,D
1110,206,E
1111,206,F
1112,206,G
1113,206,H
1114,206,I
1115,206,K
1116,206,L
1117,206,M
1118,206,N
1119,206,Q
1120,206,S
1121,206,T
1122,206,V
1123,206,Y
1124,207,T
1125,208,E
1126,208,I
1127,208,V
1128,210,D
1129,210,E
1130,210,I
1131,210,T
1132,210,V
1133,211,A
1134,211,I
1135,212,A
1136,212,D
1137,212,E
1138,212,F
1139,212,G
1140,212,H
1141,212,K
1142,212,L
1143,212,M
1144,212,Q
1145,212,R
1146,212,S
1147,212,T
1148,212,V
1149,212,W
1150,212,Y
1151,213,A
1152,213,F
1153,213,I
1154,213,M
1155,213,N
1156,213,S
1157,213,T
1158,213,V
1159,214,A
1160,214,D
1161,214,E
1162,214,F
1163,214,H
1164,214,I
1165,214,K
1166,214,L
1167,214,M
1168,214,Q
1169,214,R
1170,214,S
1171,214,T
1172,214,V
1173,214,Y
1174,215,D
1175,215,E
1176,215,F
1177,215,L
1178,215,M
1179,215,Q
1180,215,V
1181,216,A
1182,216,D
1183,216,F
1184,216,H
1185,216,I
1186,216,M
1187,216,P
1188,216,S
1189,216,T
1190,216,V
1191,216,Y
1192,217,A
1193,217,D
1194,217,E
1195,217,F
1196,217,G
1197,217,H
1198,217,I
1199,217,K
1200,217,L
1201,217,M
1202,217,N
1203,217,P
1204,217,Q
1205,217,T
1206,217,V
1207,217,Y
1208,218,A
1209,218,C
1210,218,D
1211,218,E
1212,218,F
1213,218,H
1214,218,I
1215,218,K
1216,218,L
1217,218,M
1218,218,N
1219,218,Q
1220,218,S
1221,218,T
1222,218,V
1223,218,W
1224,218,Y
1225,219,A
1226,219,T
1227,220,A
1228,220,D
1229,220,E
1230,220,F
1231,220,G
1232,220,H
1233,220,I
1234,220,K
1235,220,L
1236,220,M
1237,220,N
1238,220,P
1239,220,Q
1240,220,S
1241,220,T
1242,220,V
1243,220,W
1244,220,Y
1245,221,L
1246,221,R
1247,221,V
1248,222,A
1249,222,D
1250,222,E
1251,222,F
1252,222,H
1253,222,I
1254,222,K
1255,222,L
1256,222,M
1257,222,N
1258,222,P
1259,222,Q
1260,222,S
1261,222,V
1262,222,W
1263,222,Y
1264,223,E
1265,223,G
1266,223,N
1267,223,T
1268,224,F
1269,224,H
1270,224,L
1271,224,M
1272,224,N
1273,224,Q
1274,224,S
1275,224,T
1276,224,V
1277,225,A
1278,225,D
1279,225,E
1280,225,G
1281,225,H
1282,225,I
1283,225,M
1284,225,N
1285,225,Q
1286,225,S
1287,225,T
1288,225,V
1289,226,A
1290,227,F
1291,227,G
1292,228,V
1293,229,D
1294,229,I
1295,229,Q
1296,229,T
1297,229,V
1298,231,H
1299,232,F
1300,232,H
1301,232,Y
1302,234,V
1303,236,A
1304,236,P
1305,236,Q
1306,236,R
1307,240,A
1308,240,C
1309,240,D
1310,240,E
1311,240,M
1312,240,Q
1313,240,S
1314,240,T
1315,240,V
1316,242,A
1317,242,C
1318,242,E
1319,242,F
1320,242,H
1321,242,I
1322,242,M
1323,242,N
1324,242,Q
1325,242,S
1326,242,Y
1327,245,A
1328,245,F
1329,245,H
1330,245,T
1331,249,F
1332,256,Y
1333,257,P
1334,257,R
1335,257,V
1336,258,L
1337,258,M
1338,258,V
1339,259,A
1340,259,G
1341,259,H
1342,259,I
1343,259,K
1344,259,L
1345,259,M
1346,259,N
1347,259,Q
1348,259,S
1349,259,T
1350,259,V
1351,259,Y
1352,260,A
1353,260,D
1354,260,E
1355,260,G
1356,260,H
1357,260,K
1358,260,M
1359,260,N
1360,260,P
1361,260,Q
1362,260,R
1363,260,T
1364,260,Y
1365,262,A
1366,262,D
1367,262,G
1368,262,H
1369,262,N
1370,262,Q
1371,262,R
1372,262,S
1373,262,T
1374,263,A
1375,264,T
1376,265,V
1377,266,I
1378,266,L
1379,267,H
1380,267,I
1381,267,K
1382,267,L
1383,267,M
1384,267,Q
1385,267,T
1386,267,V
1387,268,T
1388,269,N
1389,270,H
1390,270,L
1391,270,M
1392,271,K
1393,273,A
1394,273,C
1395,273,D
1396,273,H
1397,273,I
1398,273,K
1399,273,L
1400,273,M
1401,273,Q
1402,273,R
1403,273,S
1404,273,T
1405,273,V
1406,274,E
1407,274,H
1408,274,I
1409,274,L
1410,274,M
1411,274,N
1412,274,Q
1413,274,R
1414,274,S
1415,274,T
1416,274,V
1417,276,A
1418,276,D
1419,276,E
1420,276,F
1421,276,H
1422,276,I
1423,276,L
1424,276,M
1425,276,N
1426,276,Q
1427,276,R
1428,276,S
1429,276,T
1430,276,V
1431,276,W
1432,276,Y
1433,277,A
1434,277,C
1435,277,D
1436,277,E
1437,277,F
1438,277,G
1439,277,H
1440,277,I
1441,277,K
1442,277,L
1443,277,M
1444,277,N
1445,277,Q
1446,277,R
1447,277,V
1448,277,Y
1449,278,A
1450,278,D
1451,278,F
1452,278,G
1453,278,H
1454,278,I
1455,278,L
1456,278,M
1457,278,N
1458,278,P
1459,278,Q
1460,278,S
1461,278,T
1462,278,V
1463,278,W
1464,280,H
1465,280,V
1466,281,S
1467,282,A
1468,286,L
1469,286,M
1470,287,A
1471,287,E
1472,287,H
1473,287,S
1474,288,A
1475,288,G
1476,288,T
1477,288,V
1478,289,A
1479,289,E
1480,289,G
1481,289,H
1482,289,I
1483,289,M
1484,289,N
1485,289,Q
1486,289,S
1487,289,T
1488,289,V
1489,289,Y
1490,290,L
1491,290,R
1492,294,H
1493,294,S
1494,295,I
1495,295,L
1496,296,H
1497,297,H
1498,297,K
1499,297,M
1500,297,P
1501,297,Q
1502,297,S
1503,297,T
1504,298,A
1505,298,D
1506,298,H
1507,298,Q
1508,298,T
1509,298,V
1510,298,W
1511,299,A
1512,299,H
1513,299,S
1514,300,F
1515,302,D
1516,302,F
1517,302,H
1518,302,K
1519,302,L
1520,302,M
1521,302,N
1522,302,R
1523,302,S
1524,302,T
1525,305,A
1526,305,F
1527,305,H
1528,305,I
1529,305,K
1530,305,L
1531,305,M
1532,305,P
1533,305,Q
1534,305,S
1535,305,T
1536,305,V
1537,305,W
1538,305,Y
1539,306,F
1540,307,I
1541,308,H
1542,308,I
1543,308,L
1544,308,N
1545,308,R
1546,308,T
1547,308,V
1548,309,A
1549,309,H
1550,309,L
1551,309,M
1552,309,S
1553,309,V
1554,310,A
1555,310,D
1556,310,E
1557,310,G
1558,310,K
1559,310,M
1560,310,N
1561,310,P
1562,310,Q
1563,310,R
1564,310,T
1565,310,Y
1566,311,H
1567,311,S
1568,312,I
1569,313,L
1570,313,M
1571,313,R
1572,316,L
1573,316,M
1574,316,V
1575,321,C
1576,321,F
1577,321,H
1578,321,I
1579,321,K
1580,321,L
1581,321,M
1582,321,N
1583,321,R
1584,321,S
1585,321,T
1586,321,W
1587,321,Y
1588,322,A
1589,322,H
1590,322,K
1591,322,M
1592,322,N
1593,322,Q
1594,322,R
1595,323,D
1596,323,S
1597,324,A
1598,324,F
1599,324,H
1600,324,I
1601,324,K
1602,324,L
1603,324,Q
1604,324,S
1605,324,T
1606,324,V
1607,324,Y
1608,325,A
1609,325,E
1610,325,K
1611,325,N
1612,325,R
1613,325,S
1614,325,T
1615,326,A
1616,326,C
1617,326,D
1618,326,F
1619,326,G
1620,326,M
1621,326,P
1622,326,Q
1623,326,S
1624,326,V
1625,326,Y
1626,327,K
1627,328,A
1628,329,A
1629,329,F
1630,329,L
1631,329,M
1632,329,V
1633,330,I
1634,330,L
1635,331,A
1636,331,K
1637,331,M
1638,331,R
1639,331,S
1640,331,T
1641,332,L
1642,332,M
1643,332,S
1644,333,L
1645,333,M
1646,333,V
1647,337,L
1648,339,H
1649,339,Y
1650,342,C
1651,342,D
1652,342,F
1653,342,L
1654,342,M
1655,342,N
1656,342,S
1657,342,T
1658,342,V
1659,342,Y
1660,343,C
1661,344,F
1662,344,L
1663,345,A
1664,345,C
1665,345,E
1666,345,F
1667,345,H
1668,345,I
1669,345,K
1670,345,L
1671,345,M
1672,345,N
1673,345,Q
1674,345,R
1675,345,S
1676,345,T
1677,345,Y
1678,351,W
1679,351,Y
1680,352,M
1681,352,Q
1682,354,A
1683,354,C
1684,354,D
1685,354,E
1686,354,F
1687,354,H
1688,354,I
1689,354,K
1690,354,L
1691,354,M
1692,354,S
1693,354,T
1694,354,V
1695,354,W
1696,354,Y
1697,356,A
1698,356,C
1699,356,D
1700,356,E
1701,356,F
1702,356,G
1703,356,H
1704,356,I
1705,356,L
1706,356,M
1707,356,N
1708,356,Q
1709,356,T
1710,356,V
1711,356,Y
1712,357,D
1713,357,Q
1714,359,A
1715,359,E
1716,359,F
1717,359,G
1718,359,H
1719,359,I
1720,359,K
1721,359,L
1722,359,M
1723,359,N
1724,359,Q
1725,359,S
1726,359,T
1727,359,V
1728,359,W
1729,359,Y
1730,361,E
1731,361,F
1732,361,M
1733,361,T
1734,361,Y
1735,362,S
1736,362,V
1737,363,Q
1738,365,A
1739,365,E
1740,365,F
1741,365,H
1742,365,I
1743,365,K
1744,365,M
1745,365,Q
1746,365,R
1747,365,V
1748,365,W
1749,365,Y
1750,366,A
1751,366,D
1752,366,E
1753,366,F
1754,366,G
1755,366,H
1756,366,I
1757,366,L
1758,366,M
1759,366,P
1760,366,Q
1761,366,R
1762,366,S
1763,366,T
1764,366,V
1765,366,W
1766,366,Y
1767,367,A
1768,367,H
1769,367,T
1770,369,A
1771,369,N
1772,369,R
1773,369,S
1774,369,T
1775,370,C
1776,370,D
1777,370,E
1778,370,F
1779,370,H
1780,370,K
1781,370,L
1782,370,M
1783,370,N
1784,370,Q
1785,370,R
1786,370,S
1787,370,T
1788,370,V
1789,370,W
1790,370,Y
1791,371,C
1792,371,I
1793,371,S
1794,371,T
1795,371,V
1796,372,A
1797,372,E
1798,372,H
1799,372,L
1800,372,M
1801,372,Q
1802,372,R
1803,372,S
1804,372,T
1805,372,V
1806,372,W
1807,372,Y
1808,373,A
1809,373,E
1810,373,G
1811,373,H
1812,373,M
1813,373,N
1814,373,Q
1815,373,S
1816,373,T
1817,374,A
1818,374,E
1819,374,G
1820,374,H
1821,374,I
1822,374,K
1823,374,L
1824,374,M
1825,374,S
1826,374,T
1827,374,V
1828,374,Y
1829,375,L
1830,375,V
1831,376,A
1832,376,D
1833,376,E
1834,376,G
1835,376,H
1836,376,Q
1837,376,R
1838,376,S
1839,376,W
1840,377,D
1841,377,E
1842,377,H
1843,377,K
1844,377,M
1845,377,N
1846,377,P
1847,377,Q
1848,377,R
1849,377,S
1850,377,T
1851,377,V
1852,377,W
1853,377,Y
1854,378,A
1855,378,D
1856,378,G
1857,378,N
1858,378,Q
1859,379,F
1860,379,I
1861,379,M
1862,379,V
1863,379,W
1864,379,Y
1865,380,A
1866,380,D
1867,380,E
1868,380,G
1869,380,K
1870,380,R
1871,380,S
1872,380,T
1873,381,A
1874,381,G
1875,381,H
1876,381,K
1877,381,M
1878,381,N
1879,381,S
1880,381,T
1881,382,F
1882,382,I
1883,382,M
1884,382,V
1885,382,W
1886,383,L
1887,383,M
1888,383,T
1889,383,V
1890,384,A
1891,384,C
1892,384,D
1893,384,E
1894,384,F
1895,384,H
1896,384,I
1897,384,K
1898,384,L
1899,384,M
1900,384,N
1901,384,P
1902,384,Q
1903,384,S
1904,384,T
1905,384,V
1906,384,W
1907,384,Y
1908,385,A
1909,385,D
1910,385,H
1911,385,N
1912,385,Q
1913,385,R
1914,385,T
1915,385,V
1916,386,A
1917,386,E
1918,386,G
1919,386,K
1920,386,P
1921,386,Q
1922,386,S
1923,386,V
1924,386,Y
1925,387,D
1926,387,G
1927,387,Q
1928,387,S
1929,387,T
1930,388,A
1931,388,D
1932,388,F
1933,388,H
1934,388,I
1935,388,L
1936,388,M
1937,388,N
1938,388,P
1939,388,Q
1940,388,R
1941,388,S
1942,388,T
1943,388,V
1944,388,Y
1945,389,E
1946,389,G
1947,389,H
1948,389,M
1949,389,N
1950,389,Q
1951,389,R
1952,390,S
1953,390,W
1954,390,Y
1955,392,A
1956,392,E
1957,392,G
1958,392,H
1959,392,S
1960,392,T
1961,395,D
1962,396,D
1963,396,S
1964,397,D
1965,397,E
1966,397,H
1967,397,W
1968,397,Y
1969,398,A
1970,398,C
1971,398,D
1972,398,E
1973,398,G
1974,398,H
1975,398,I
1976,398,L
1977,398,M
1978,398,N
1979,398,P
1980,398,Q
1981,398,R
1982,398,T
1983,398,V
1984,398,Y
1985,399,D
1986,399,F
1987,399,G
1988,399,I
1989,399,K
1990,399,L
1991,399,M
1992,399,N
1993,399,Q
1994,399,S
1995,399,T
1996,399,V
1997,399,W
1998,399,Y
1999,400,A
2000,400,F
2001,400,H
2002,400,I
2003,400,K
2004,400,L
2005,400,M
2006,400,N
2007,400,Q
2008,400,R
2009,400,S
2010,400,T
2011,400,W
2012,401,A
2013,401,M
2014,401,Q
2015,402,N
2016,402,P
2017,402,V
2018,403,C
2019,404,L
2020,404,M
2021,404,Q
2022,404,T
2023,404,V
2024,404,W
2025,404,Y
2026,405,M
2027,407,I
2028,407,N
2029,407,V
2030,408,I
2031,408,M
2032,409,C
2033,409,E
2034,409,L
2035,409,N
2036,409,Q
2037,409,R
2038,409,S
2039,409,T
2040,409,V
2041,409,Y
2042,410,M
2043,411,I
2044,411,M
2045,411,N
2046,411,T
2047,413,G
2048,413,T
2049,414,A
2050,414,C
2051,414,E
2052,414,S
2053,414,V
2054,415,T
2055,416,T
2056,416,V
2057,417,E
2058,418,I
2059,418,M
2060,421,A
2061,421,F
2062,421,K
2063,424,D
2064,425,M
2065,425,Q
2066,425,T
2067,425,V
2068,426,A
2069,426,I
2070,426,M
2071,426,Q
2072,426,V
2073,427,T
2074,428,K
2075,428,L
2076,428,M
2077,428,N
2078,428,Q
2079,428,R
2080,428,S
2081,428,T
2082,429,F
2083,429,I
2084,429,M
2085,429,T
2086,429,V
2087,429,W
2088,429,Y
2089,430,N
2090,432,E
2091,432,T
2092,433,E
2093,433,M
2094,433,Q
2095,435,L
2096,435,V
2097,436,A
2098,436,E
2099,436,H
2100,436,Q
2101,437,A
2102,437,F
2103,437,M
2104,437,V
2105,437,W
2106,437,Y
2107,438,F
2108,438,L
2109,439,A
2110,440,A
2111,440,D
2112,440,E
2113,440,F
2114,440,G
2115,440,H
2116,440,I
2117,440,K
2118,440,L
2119,440,M
2120,440,N
2121,440,Q
2122,440,R
2123,440,T
2124,440,W
2125,440,Y
2126,441,A
2127,441,F
2128,441,K
2129,441,L
2130,441,Q
2131,441,S
2132,441,T
2133,441,V
2134,441,Y
2135,442,P
2136,442,W
2137,443,A
2138,443,C
2139,443,E
2140,443,G
2141,443,I
2142,443,K
2143,443,L
2144,443,M
2145,443,Q
2146,443,R
2147,443,S
2148,443,T
2149,443,V
2150,443,Y
2151,444,A
2152,444,H
2153,444,I
2154,444,L
2155,444,N
2156,444,Q
2157,444,R
2158,444,S
2159,446,E
2160,446,W
2161,446,Y
2162,447,A
2163,447,D
2164,447,I
2165,447,L
2166,447,M
2167,447,Q
2168,447,S
2169,447,T
2170,447,V
2171,447,Y
2172,448,A
2173,448,D
2174,448,E
2175,448,F
2176,448,G
2177,448,H
2178,448,L
2179,448,M
2180,448,N
2181,448,Q
2182,448,R
2183,448,S
2184,448,T
2185,448,V
2186,448,Y
2187,449,V
2188,450,E
2189,450,R
2190,450,S
2191,451,A
2192,451,D
2193,451,E
2194,451,F
2195,451,G
2196,451,H
2197,451,I
2198,451,L
2199,451,M
2200,451,N
2201,451,Q
2202,451,R
2203,451,S
2204,451,T
2205,451,V
2206,451,W
2207,451,Y
2208,452,A
2209,452,F
2210,452,I
2211,452,K
2212,452,L
2213,452,M
2214,452,N
2215,452,S
2216,452,T
2217,452,V
2218,454,E
2219,454,G
2220,454,H
2221,454,S
2222,457,D
2223,457,I
2224,458,F
2225,458,T
2226,458,V
2227,459,C
2228,459,G
2229,459,I
2230,459,N
2231,460,I
2232,460,L
2233,460,Q
2234,460,T
2235,461,C
2236,461,S
2237,462,T
2238,462,V
2239,464,L
2240,464,W
2241,465,L
2242,466,F
2243,466,H
2244,466,L
2245,466,M
2246,466,Q
2247,466,R
2248,466,T
2249,466,Y
2250,467,L
2251,467,N
2252,468,F
2253,468,H
2254,468,K
2255,468,N
2256,468,W
2257,469,C
2258,469,N
2259,469,R
2260,470,A
2261,470,E
2262,470,F
2263,470,G
2264,470,H
2265,470,L
2266,470,M
2267,470,N
2268,470,P
2269,470,Q
2270,470,R
2271,470,S
2272,470,T
2273,470,V
2274,470,Y
2275,472,P
2276,473,D
2277,474,D
2278,474,E
2279,474,F
2280,474,G
2281,474,H
2282,474,I
2283,474,K
2284,474,L
2285,474,M
2286,474,N
2287,474,Q
2288,474,R
2289,474,S
2290,474,T
2291,474,V
2292,474,W
2293,474,Y
2294,475,Y
2295,476,I
2296,477,A
2297,477,C
2298,477,D
2299,477,E
2300,477,F
2301,477,H
2302,477,I
2303,477,K
2304,477,L
2305,477,M
2306,477,N
2307,477,Q
2308,477,R
2309,477,S
2310,477,T
2311,477,V
2312,477,W
2313,477,Y
2314,478,A
2315,478,E
2316,478,G
2317,478,L
2318,478,M
2319,478,Q
2320,478,R
2321,478,T
2322,479,W
2323,480,C
2324,480,I
2325,480,L
2326,480,M
2327,480,Q
2328,480,T
2329,480,V
2330,480,Y
2331,481,Q
2332,482,D
2333,482,E
2334,482,F
2335,482,N
2336,482,P
2337,483,V
2338,484,F
2339,484,H
2340,485,A
2341,485,I
2342,485,K
2343,485,L
2344,485,M
2345,485,N
2346,485,Q
2347,485,R
2348,485,S
2349,485,T
2350,485,V
2351,485,Y
2352,486,A
2353,486,E
2354,486,I
2355,486,P
2356,486,S
2357,486,T
2358,486,V
2359,487,A
2360,487,D
2361,487,E
2362,487,F
2363,487,G
2364,487,H
2365,487,I
2366,487,K
2367,487,L
2368,487,M
2369,487,Q
2370,487,R
2371,487,S
2372,487,T
2373,487,V
2374,487,W
2375,487,Y
2376,488,A
2377,488,D
2378,488,F
2379,488,G
2380,488,H
2381,488,I
2382,488,K
2383,488,L
2384,488,M
2385,488,N
2386,488,P
2387,488,Q
2388,488,R
2389,488,S
2390,488,T
2391,488,W
2392,488,Y
2393,489,F
2394,489,W
2395,490,D
2396,490,N
2397,491,A
2398,491,E
2399,491,F
2400,491,G
2401,491,H
2402,491,I
2403,491,K
2404,491,L
2405,491,M
2406,491,N
2407,491,P
2408,491,Q
2409,491,R
2410,491,S
2411,491,T
2412,491,V
2413,491,Y
2414,492,I
2415,494,F
2416,494,I
2417,494,M
2418,494,R
2419,494,V
2420,495,A
2421,495,C
2422,495,D
2423,495,E
2424,495,F
2425,495,G
2426,495,H
2427,495,I
2428,495,K
2429,495,L
2430,495,M
2431,495,Q
2432,495,R
2433,495,S
2434,495,T
2435,495,V
2436,495,W
2437,495,Y
2438,496,H
2439,496,K
2440,496,R
2441,496,T
2442,496,V
2443,496,Y
2444,498,A
2445,498,L
2446,498,M
2447,498,W
2448,498,Y
2449,499,A
2450,499,D
2451,499,E
2452,499,F
2453,499,G
2454,499,H
2455,499,K
2456,499,L
2457,499,M
2458,499,N
2459,499,P
2460,499,R
2461,499,S
2462,499,T
2463,499,V
2464,499,W
2465,499,Y
2466,500,L
2467,500,V
2468,501,A
2469,501,C
2470,501,D
2471,501,E
2472,501,F
2473,501,G
2474,501,H
2475,501,I
2476,501,L
2477,501,M
2478,501,N
2479,501,P
2480,501,Q
2481,501,R
2482,501,S
2483,501,T
2484,501,V
2485,501,W
2486,501,Y
2487,502,A
2488,502,C
2489,502,E
2490,502,F
2491,502,H
2492,502,I
2493,502,K
2494,502,L
2495,502,M
2496,502,N
2497,502,P
2498,502,Q
2499,502,R
2500,502,S
2501,502,T
2502,502,V
2503,502,W
2504,502,Y
